DEBUG - 2026-05-26 01:52:48 --> Session: Class initialized using 'CodeIgniter\Session\Handlers\FileHandler' driver.
DEBUG - 2026-05-26 01:56:27 --> Session: Class initialized using 'CodeIgniter\Session\Handlers\FileHandler' driver.
DEBUG - 2026-05-26 01:56:34 --> Session: Class initialized using 'CodeIgniter\Session\Handlers\FileHandler' driver.
DEBUG - 2026-05-26 01:56:37 --> Session: Class initialized using 'CodeIgniter\Session\Handlers\FileHandler' driver.
DEBUG - 2026-05-26 01:58:55 --> Session: Class initialized using 'CodeIgniter\Session\Handlers\FileHandler' driver.
DEBUG - 2026-05-26 01:58:57 --> Session: Class initialized using 'CodeIgniter\Session\Handlers\FileHandler' driver.
DEBUG - 2026-05-26 01:58:58 --> Session: Class initialized using 'CodeIgniter\Session\Handlers\FileHandler' driver.
DEBUG - 2026-05-26 01:59:00 --> Session: Class initialized using 'CodeIgniter\Session\Handlers\FileHandler' driver.
DEBUG - 2026-05-26 01:59:01 --> Session: Class initialized using 'CodeIgniter\Session\Handlers\FileHandler' driver.
DEBUG - 2026-05-26 01:59:02 --> Session: Class initialized using 'CodeIgniter\Session\Handlers\FileHandler' driver.
DEBUG - 2026-05-26 01:59:04 --> Session: Class initialized using 'CodeIgniter\Session\Handlers\FileHandler' driver.
DEBUG - 2026-05-26 01:59:09 --> Session: Class initialized using 'CodeIgniter\Session\Handlers\FileHandler' driver.
DEBUG - 2026-05-26 01:59:10 --> Session: Class initialized using 'CodeIgniter\Session\Handlers\FileHandler' driver.
DEBUG - 2026-05-26 02:02:58 --> Session: Class initialized using 'CodeIgniter\Session\Handlers\FileHandler' driver.
DEBUG - 2026-05-26 02:02:59 --> Session: Class initialized using 'CodeIgniter\Session\Handlers\FileHandler' driver.
DEBUG - 2026-05-26 02:02:59 --> Session: Class initialized using 'CodeIgniter\Session\Handlers\FileHandler' driver.
DEBUG - 2026-05-26 02:03:02 --> Session: Class initialized using 'CodeIgniter\Session\Handlers\FileHandler' driver.
CRITICAL - 2026-05-26 02:04:31 --> Error: Class "App\Controllers\NhanVienModel" not found
[Method: GET, Route: chamcong]
in APPPATH\Controllers\ChamCongController.php on line 64.
 1 SYSTEMPATH\CodeIgniter.php(951): App\Controllers\ChamCongController->create()
 2 SYSTEMPATH\CodeIgniter.php(497): CodeIgniter\CodeIgniter->runController(Object(App\Controllers\ChamCongController))
 3 SYSTEMPATH\CodeIgniter.php(340): CodeIgniter\CodeIgniter->handleRequest(null, Object(Config\Cache), false)
 4 SYSTEMPATH\Boot.php(417): CodeIgniter\CodeIgniter->run()
 5 SYSTEMPATH\Boot.php(68): CodeIgniter\Boot::runCodeIgniter(Object(CodeIgniter\CodeIgniter))
 6 FCPATH\index.php(59): CodeIgniter\Boot::bootWeb(Object(Config\Paths))
CRITICAL - 2026-05-26 02:06:03 --> Error: Class "App\Controllers\CaLamModel" not found
[Method: GET, Route: chamcong]
in APPPATH\Controllers\ChamCongController.php on line 67.
 1 SYSTEMPATH\CodeIgniter.php(951): App\Controllers\ChamCongController->create()
 2 SYSTEMPATH\CodeIgniter.php(497): CodeIgniter\CodeIgniter->runController(Object(App\Controllers\ChamCongController))
 3 SYSTEMPATH\CodeIgniter.php(340): CodeIgniter\CodeIgniter->handleRequest(null, Object(Config\Cache), false)
 4 SYSTEMPATH\Boot.php(417): CodeIgniter\CodeIgniter->run()
 5 SYSTEMPATH\Boot.php(68): CodeIgniter\Boot::runCodeIgniter(Object(CodeIgniter\CodeIgniter))
 6 FCPATH\index.php(59): CodeIgniter\Boot::bootWeb(Object(Config\Paths))
DEBUG - 2026-05-26 02:06:19 --> Session: Class initialized using 'CodeIgniter\Session\Handlers\FileHandler' driver.
DEBUG - 2026-05-26 02:06:24 --> Session: Class initialized using 'CodeIgniter\Session\Handlers\FileHandler' driver.
DEBUG - 2026-05-26 02:06:36 --> Session: Class initialized using 'CodeIgniter\Session\Handlers\FileHandler' driver.
DEBUG - 2026-05-26 02:07:05 --> Session: Class initialized using 'CodeIgniter\Session\Handlers\FileHandler' driver.
DEBUG - 2026-05-26 02:14:43 --> Session: Class initialized using 'CodeIgniter\Session\Handlers\FileHandler' driver.
DEBUG - 2026-05-26 02:15:38 --> Session: Class initialized using 'CodeIgniter\Session\Handlers\FileHandler' driver.
DEBUG - 2026-05-26 02:15:39 --> Session: Class initialized using 'CodeIgniter\Session\Handlers\FileHandler' driver.
DEBUG - 2026-05-26 02:15:41 --> Session: Class initialized using 'CodeIgniter\Session\Handlers\FileHandler' driver.
DEBUG - 2026-05-26 02:21:14 --> Session: Class initialized using 'CodeIgniter\Session\Handlers\FileHandler' driver.
DEBUG - 2026-05-26 02:30:09 --> Session: Class initialized using 'CodeIgniter\Session\Handlers\FileHandler' driver.
DEBUG - 2026-05-26 02:30:51 --> Session: Class initialized using 'CodeIgniter\Session\Handlers\FileHandler' driver.
DEBUG - 2026-05-26 02:31:07 --> Session: Class initialized using 'CodeIgniter\Session\Handlers\FileHandler' driver.
DEBUG - 2026-05-26 02:31:37 --> Session: Class initialized using 'CodeIgniter\Session\Handlers\FileHandler' driver.
DEBUG - 2026-05-26 02:39:41 --> Session: Class initialized using 'CodeIgniter\Session\Handlers\FileHandler' driver.
DEBUG - 2026-05-26 02:39:47 --> Session: Class initialized using 'CodeIgniter\Session\Handlers\FileHandler' driver.
DEBUG - 2026-05-26 02:39:51 --> Session: Class initialized using 'CodeIgniter\Session\Handlers\FileHandler' driver.
DEBUG - 2026-05-26 02:47:02 --> Session: Class initialized using 'CodeIgniter\Session\Handlers\FileHandler' driver.
DEBUG - 2026-05-26 02:47:03 --> Session: Class initialized using 'CodeIgniter\Session\Handlers\FileHandler' driver.
DEBUG - 2026-05-26 02:47:10 --> Session: Class initialized using 'CodeIgniter\Session\Handlers\FileHandler' driver.
DEBUG - 2026-05-26 02:47:13 --> Session: Class initialized using 'CodeIgniter\Session\Handlers\FileHandler' driver.
DEBUG - 2026-05-26 02:47:19 --> Session: Class initialized using 'CodeIgniter\Session\Handlers\FileHandler' driver.
DEBUG - 2026-05-26 02:47:20 --> Session: Class initialized using 'CodeIgniter\Session\Handlers\FileHandler' driver.
DEBUG - 2026-05-26 02:47:21 --> Session: Class initialized using 'CodeIgniter\Session\Handlers\FileHandler' driver.
DEBUG - 2026-05-26 02:57:51 --> Session: Class initialized using 'CodeIgniter\Session\Handlers\FileHandler' driver.
DEBUG - 2026-05-26 02:57:57 --> Session: Class initialized using 'CodeIgniter\Session\Handlers\FileHandler' driver.
DEBUG - 2026-05-26 02:57:58 --> Session: Class initialized using 'CodeIgniter\Session\Handlers\FileHandler' driver.
DEBUG - 2026-05-26 02:58:59 --> Session: Class initialized using 'CodeIgniter\Session\Handlers\FileHandler' driver.
DEBUG - 2026-05-26 02:59:00 --> Session: Class initialized using 'CodeIgniter\Session\Handlers\FileHandler' driver.
DEBUG - 2026-05-26 02:59:01 --> Session: Class initialized using 'CodeIgniter\Session\Handlers\FileHandler' driver.
DEBUG - 2026-05-26 02:59:02 --> Session: Class initialized using 'CodeIgniter\Session\Handlers\FileHandler' driver.
DEBUG - 2026-05-26 02:59:03 --> Session: Class initialized using 'CodeIgniter\Session\Handlers\FileHandler' driver.
DEBUG - 2026-05-26 02:59:04 --> Session: Class initialized using 'CodeIgniter\Session\Handlers\FileHandler' driver.
DEBUG - 2026-05-26 06:20:29 --> Session: Class initialized using 'CodeIgniter\Session\Handlers\FileHandler' driver.
DEBUG - 2026-05-26 06:26:40 --> Session: Class initialized using 'CodeIgniter\Session\Handlers\FileHandler' driver.
DEBUG - 2026-05-26 06:33:02 --> Session: Class initialized using 'CodeIgniter\Session\Handlers\FileHandler' driver.
DEBUG - 2026-05-26 06:40:20 --> Session: Class initialized using 'CodeIgniter\Session\Handlers\FileHandler' driver.
DEBUG - 2026-05-26 06:40:25 --> Session: Class initialized using 'CodeIgniter\Session\Handlers\FileHandler' driver.
DEBUG - 2026-05-26 06:40:31 --> Session: Class initialized using 'CodeIgniter\Session\Handlers\FileHandler' driver.
DEBUG - 2026-05-26 06:40:42 --> Session: Class initialized using 'CodeIgniter\Session\Handlers\FileHandler' driver.
DEBUG - 2026-05-26 06:40:52 --> Session: Class initialized using 'CodeIgniter\Session\Handlers\FileHandler' driver.
DEBUG - 2026-05-26 06:41:09 --> Session: Class initialized using 'CodeIgniter\Session\Handlers\FileHandler' driver.
DEBUG - 2026-05-26 06:41:36 --> Session: Class initialized using 'CodeIgniter\Session\Handlers\FileHandler' driver.
DEBUG - 2026-05-26 06:41:44 --> Session: Class initialized using 'CodeIgniter\Session\Handlers\FileHandler' driver.
DEBUG - 2026-05-26 06:41:59 --> Session: Class initialized using 'CodeIgniter\Session\Handlers\FileHandler' driver.
DEBUG - 2026-05-26 06:42:05 --> Session: Class initialized using 'CodeIgniter\Session\Handlers\FileHandler' driver.
DEBUG - 2026-05-26 06:42:13 --> Session: Class initialized using 'CodeIgniter\Session\Handlers\FileHandler' driver.
DEBUG - 2026-05-26 06:42:20 --> Session: Class initialized using 'CodeIgniter\Session\Handlers\FileHandler' driver.
DEBUG - 2026-05-26 06:43:42 --> Session: Class initialized using 'CodeIgniter\Session\Handlers\FileHandler' driver.
DEBUG - 2026-05-26 06:43:45 --> Session: Class initialized using 'CodeIgniter\Session\Handlers\FileHandler' driver.
DEBUG - 2026-05-26 06:43:49 --> Session: Class initialized using 'CodeIgniter\Session\Handlers\FileHandler' driver.
DEBUG - 2026-05-26 06:43:49 --> Session: Class initialized using 'CodeIgniter\Session\Handlers\FileHandler' driver.
DEBUG - 2026-05-26 06:43:54 --> Session: Class initialized using 'CodeIgniter\Session\Handlers\FileHandler' driver.
DEBUG - 2026-05-26 06:43:54 --> Session: Class initialized using 'CodeIgniter\Session\Handlers\FileHandler' driver.
DEBUG - 2026-05-26 06:44:02 --> Session: Class initialized using 'CodeIgniter\Session\Handlers\FileHandler' driver.
DEBUG - 2026-05-26 06:44:03 --> Session: Class initialized using 'CodeIgniter\Session\Handlers\FileHandler' driver.
DEBUG - 2026-05-26 06:44:20 --> Session: Class initialized using 'CodeIgniter\Session\Handlers\FileHandler' driver.
DEBUG - 2026-05-26 06:44:27 --> Session: Class initialized using 'CodeIgniter\Session\Handlers\FileHandler' driver.
DEBUG - 2026-05-26 06:44:27 --> Session: Class initialized using 'CodeIgniter\Session\Handlers\FileHandler' driver.
DEBUG - 2026-05-26 06:45:02 --> Session: Class initialized using 'CodeIgniter\Session\Handlers\FileHandler' driver.
DEBUG - 2026-05-26 06:45:08 --> Session: Class initialized using 'CodeIgniter\Session\Handlers\FileHandler' driver.
DEBUG - 2026-05-26 06:45:08 --> Session: Class initialized using 'CodeIgniter\Session\Handlers\FileHandler' driver.
DEBUG - 2026-05-26 06:45:25 --> Session: Class initialized using 'CodeIgniter\Session\Handlers\FileHandler' driver.
DEBUG - 2026-05-26 06:45:25 --> Session: Class initialized using 'CodeIgniter\Session\Handlers\FileHandler' driver.
DEBUG - 2026-05-26 06:45:30 --> Session: Class initialized using 'CodeIgniter\Session\Handlers\FileHandler' driver.
DEBUG - 2026-05-26 06:45:30 --> Session: Class initialized using 'CodeIgniter\Session\Handlers\FileHandler' driver.
DEBUG - 2026-05-26 06:46:19 --> Session: Class initialized using 'CodeIgniter\Session\Handlers\FileHandler' driver.
DEBUG - 2026-05-26 06:46:20 --> Session: Class initialized using 'CodeIgniter\Session\Handlers\FileHandler' driver.
DEBUG - 2026-05-26 06:46:22 --> Session: Class initialized using 'CodeIgniter\Session\Handlers\FileHandler' driver.
DEBUG - 2026-05-26 06:46:30 --> Session: Class initialized using 'CodeIgniter\Session\Handlers\FileHandler' driver.
DEBUG - 2026-05-26 06:46:30 --> Session: Class initialized using 'CodeIgniter\Session\Handlers\FileHandler' driver.
DEBUG - 2026-05-26 06:46:49 --> Session: Class initialized using 'CodeIgniter\Session\Handlers\FileHandler' driver.
DEBUG - 2026-05-26 06:46:53 --> Session: Class initialized using 'CodeIgniter\Session\Handlers\FileHandler' driver.
DEBUG - 2026-05-26 06:46:53 --> Session: Class initialized using 'CodeIgniter\Session\Handlers\FileHandler' driver.
DEBUG - 2026-05-26 06:48:12 --> Session: Class initialized using 'CodeIgniter\Session\Handlers\FileHandler' driver.
DEBUG - 2026-05-26 06:48:13 --> Session: Class initialized using 'CodeIgniter\Session\Handlers\FileHandler' driver.
DEBUG - 2026-05-26 06:48:14 --> Session: Class initialized using 'CodeIgniter\Session\Handlers\FileHandler' driver.
DEBUG - 2026-05-26 06:48:15 --> Session: Class initialized using 'CodeIgniter\Session\Handlers\FileHandler' driver.
DEBUG - 2026-05-26 06:48:15 --> Session: Class initialized using 'CodeIgniter\Session\Handlers\FileHandler' driver.
DEBUG - 2026-05-26 06:48:15 --> Session: Class initialized using 'CodeIgniter\Session\Handlers\FileHandler' driver.
DEBUG - 2026-05-26 06:48:15 --> Session: Class initialized using 'CodeIgniter\Session\Handlers\FileHandler' driver.
DEBUG - 2026-05-26 06:48:16 --> Session: Class initialized using 'CodeIgniter\Session\Handlers\FileHandler' driver.
DEBUG - 2026-05-26 06:48:16 --> Session: Class initialized using 'CodeIgniter\Session\Handlers\FileHandler' driver.
DEBUG - 2026-05-26 06:48:17 --> Session: Class initialized using 'CodeIgniter\Session\Handlers\FileHandler' driver.
DEBUG - 2026-05-26 06:48:17 --> Session: Class initialized using 'CodeIgniter\Session\Handlers\FileHandler' driver.
DEBUG - 2026-05-26 06:48:17 --> Session: Class initialized using 'CodeIgniter\Session\Handlers\FileHandler' driver.
DEBUG - 2026-05-26 06:48:17 --> Session: Class initialized using 'CodeIgniter\Session\Handlers\FileHandler' driver.
DEBUG - 2026-05-26 06:48:18 --> Session: Class initialized using 'CodeIgniter\Session\Handlers\FileHandler' driver.
DEBUG - 2026-05-26 06:48:18 --> Session: Class initialized using 'CodeIgniter\Session\Handlers\FileHandler' driver.
DEBUG - 2026-05-26 06:48:19 --> Session: Class initialized using 'CodeIgniter\Session\Handlers\FileHandler' driver.
DEBUG - 2026-05-26 06:48:19 --> Session: Class initialized using 'CodeIgniter\Session\Handlers\FileHandler' driver.
DEBUG - 2026-05-26 06:48:20 --> Session: Class initialized using 'CodeIgniter\Session\Handlers\FileHandler' driver.
DEBUG - 2026-05-26 06:48:20 --> Session: Class initialized using 'CodeIgniter\Session\Handlers\FileHandler' driver.
DEBUG - 2026-05-26 06:48:37 --> Session: Class initialized using 'CodeIgniter\Session\Handlers\FileHandler' driver.
DEBUG - 2026-05-26 06:48:37 --> Session: Class initialized using 'CodeIgniter\Session\Handlers\FileHandler' driver.
DEBUG - 2026-05-26 06:48:46 --> Session: Class initialized using 'CodeIgniter\Session\Handlers\FileHandler' driver.
DEBUG - 2026-05-26 06:48:46 --> Session: Class initialized using 'CodeIgniter\Session\Handlers\FileHandler' driver.
DEBUG - 2026-05-26 06:48:59 --> Session: Class initialized using 'CodeIgniter\Session\Handlers\FileHandler' driver.
DEBUG - 2026-05-26 06:49:05 --> Session: Class initialized using 'CodeIgniter\Session\Handlers\FileHandler' driver.
DEBUG - 2026-05-26 06:49:37 --> Session: Class initialized using 'CodeIgniter\Session\Handlers\FileHandler' driver.
DEBUG - 2026-05-26 06:49:38 --> Session: Class initialized using 'CodeIgniter\Session\Handlers\FileHandler' driver.
DEBUG - 2026-05-26 06:49:42 --> Session: Class initialized using 'CodeIgniter\Session\Handlers\FileHandler' driver.
DEBUG - 2026-05-26 06:49:44 --> Session: Class initialized using 'CodeIgniter\Session\Handlers\FileHandler' driver.
DEBUG - 2026-05-26 06:49:44 --> Session: Class initialized using 'CodeIgniter\Session\Handlers\FileHandler' driver.
DEBUG - 2026-05-26 06:49:47 --> Session: Class initialized using 'CodeIgniter\Session\Handlers\FileHandler' driver.
DEBUG - 2026-05-26 06:49:49 --> Session: Class initialized using 'CodeIgniter\Session\Handlers\FileHandler' driver.
DEBUG - 2026-05-26 06:49:53 --> Session: Class initialized using 'CodeIgniter\Session\Handlers\FileHandler' driver.
DEBUG - 2026-05-26 07:01:01 --> Session: Class initialized using 'CodeIgniter\Session\Handlers\FileHandler' driver.
DEBUG - 2026-05-26 07:01:05 --> Session: Class initialized using 'CodeIgniter\Session\Handlers\FileHandler' driver.
DEBUG - 2026-05-26 07:01:08 --> Session: Class initialized using 'CodeIgniter\Session\Handlers\FileHandler' driver.
DEBUG - 2026-05-26 07:01:15 --> Session: Class initialized using 'CodeIgniter\Session\Handlers\FileHandler' driver.
DEBUG - 2026-05-26 07:01:15 --> Session: Class initialized using 'CodeIgniter\Session\Handlers\FileHandler' driver.
DEBUG - 2026-05-26 07:03:24 --> Session: Class initialized using 'CodeIgniter\Session\Handlers\FileHandler' driver.
DEBUG - 2026-05-26 07:03:30 --> Session: Class initialized using 'CodeIgniter\Session\Handlers\FileHandler' driver.
DEBUG - 2026-05-26 07:03:30 --> Session: Class initialized using 'CodeIgniter\Session\Handlers\FileHandler' driver.
DEBUG - 2026-05-26 07:04:25 --> Session: Class initialized using 'CodeIgniter\Session\Handlers\FileHandler' driver.
DEBUG - 2026-05-26 07:04:26 --> Session: Class initialized using 'CodeIgniter\Session\Handlers\FileHandler' driver.
DEBUG - 2026-05-26 07:05:09 --> Session: Class initialized using 'CodeIgniter\Session\Handlers\FileHandler' driver.
DEBUG - 2026-05-26 07:05:23 --> Session: Class initialized using 'CodeIgniter\Session\Handlers\FileHandler' driver.
DEBUG - 2026-05-26 07:05:33 --> Session: Class initialized using 'CodeIgniter\Session\Handlers\FileHandler' driver.
DEBUG - 2026-05-26 07:06:09 --> Session: Class initialized using 'CodeIgniter\Session\Handlers\FileHandler' driver.
DEBUG - 2026-05-26 07:06:11 --> Session: Class initialized using 'CodeIgniter\Session\Handlers\FileHandler' driver.
DEBUG - 2026-05-26 07:07:42 --> Session: Class initialized using 'CodeIgniter\Session\Handlers\FileHandler' driver.
DEBUG - 2026-05-26 07:07:51 --> Session: Class initialized using 'CodeIgniter\Session\Handlers\FileHandler' driver.
DEBUG - 2026-05-26 07:07:57 --> Session: Class initialized using 'CodeIgniter\Session\Handlers\FileHandler' driver.
DEBUG - 2026-05-26 07:08:08 --> Session: Class initialized using 'CodeIgniter\Session\Handlers\FileHandler' driver.
DEBUG - 2026-05-26 07:08:14 --> Session: Class initialized using 'CodeIgniter\Session\Handlers\FileHandler' driver.
DEBUG - 2026-05-26 07:08:20 --> Session: Class initialized using 'CodeIgniter\Session\Handlers\FileHandler' driver.
DEBUG - 2026-05-26 07:08:34 --> Session: Class initialized using 'CodeIgniter\Session\Handlers\FileHandler' driver.
DEBUG - 2026-05-26 07:09:02 --> Session: Class initialized using 'CodeIgniter\Session\Handlers\FileHandler' driver.
DEBUG - 2026-05-26 07:09:05 --> Session: Class initialized using 'CodeIgniter\Session\Handlers\FileHandler' driver.
DEBUG - 2026-05-26 07:09:07 --> Session: Class initialized using 'CodeIgniter\Session\Handlers\FileHandler' driver.
DEBUG - 2026-05-26 07:09:09 --> Session: Class initialized using 'CodeIgniter\Session\Handlers\FileHandler' driver.
DEBUG - 2026-05-26 07:09:11 --> Session: Class initialized using 'CodeIgniter\Session\Handlers\FileHandler' driver.
DEBUG - 2026-05-26 07:09:13 --> Session: Class initialized using 'CodeIgniter\Session\Handlers\FileHandler' driver.
DEBUG - 2026-05-26 07:09:14 --> Session: Class initialized using 'CodeIgniter\Session\Handlers\FileHandler' driver.
DEBUG - 2026-05-26 07:09:18 --> Session: Class initialized using 'CodeIgniter\Session\Handlers\FileHandler' driver.
DEBUG - 2026-05-26 07:15:28 --> Session: Class initialized using 'CodeIgniter\Session\Handlers\FileHandler' driver.
DEBUG - 2026-05-26 07:15:30 --> Session: Class initialized using 'CodeIgniter\Session\Handlers\FileHandler' driver.
DEBUG - 2026-05-26 07:16:00 --> Session: Class initialized using 'CodeIgniter\Session\Handlers\FileHandler' driver.
DEBUG - 2026-05-26 07:18:32 --> Session: Class initialized using 'CodeIgniter\Session\Handlers\FileHandler' driver.
DEBUG - 2026-05-26 07:18:56 --> Session: Class initialized using 'CodeIgniter\Session\Handlers\FileHandler' driver.
DEBUG - 2026-05-26 07:19:01 --> Session: Class initialized using 'CodeIgniter\Session\Handlers\FileHandler' driver.
DEBUG - 2026-05-26 07:19:01 --> Session: Class initialized using 'CodeIgniter\Session\Handlers\FileHandler' driver.
DEBUG - 2026-05-26 07:21:49 --> Session: Class initialized using 'CodeIgniter\Session\Handlers\FileHandler' driver.
DEBUG - 2026-05-26 07:21:49 --> Session: Class initialized using 'CodeIgniter\Session\Handlers\FileHandler' driver.
DEBUG - 2026-05-26 07:22:11 --> Session: Class initialized using 'CodeIgniter\Session\Handlers\FileHandler' driver.
DEBUG - 2026-05-26 07:22:12 --> Session: Class initialized using 'CodeIgniter\Session\Handlers\FileHandler' driver.
DEBUG - 2026-05-26 07:22:13 --> Session: Class initialized using 'CodeIgniter\Session\Handlers\FileHandler' driver.
DEBUG - 2026-05-26 07:22:15 --> Session: Class initialized using 'CodeIgniter\Session\Handlers\FileHandler' driver.
DEBUG - 2026-05-26 07:22:19 --> Session: Class initialized using 'CodeIgniter\Session\Handlers\FileHandler' driver.
DEBUG - 2026-05-26 07:22:20 --> Session: Class initialized using 'CodeIgniter\Session\Handlers\FileHandler' driver.
DEBUG - 2026-05-26 07:22:24 --> Session: Class initialized using 'CodeIgniter\Session\Handlers\FileHandler' driver.
DEBUG - 2026-05-26 07:22:35 --> Session: Class initialized using 'CodeIgniter\Session\Handlers\FileHandler' driver.
DEBUG - 2026-05-26 07:22:40 --> Session: Class initialized using 'CodeIgniter\Session\Handlers\FileHandler' driver.
DEBUG - 2026-05-26 07:22:42 --> Session: Class initialized using 'CodeIgniter\Session\Handlers\FileHandler' driver.
DEBUG - 2026-05-26 07:22:43 --> Session: Class initialized using 'CodeIgniter\Session\Handlers\FileHandler' driver.
DEBUG - 2026-05-26 07:22:49 --> Session: Class initialized using 'CodeIgniter\Session\Handlers\FileHandler' driver.
DEBUG - 2026-05-26 07:33:46 --> Session: Class initialized using 'CodeIgniter\Session\Handlers\FileHandler' driver.
DEBUG - 2026-05-26 07:34:03 --> Session: Class initialized using 'CodeIgniter\Session\Handlers\FileHandler' driver.
DEBUG - 2026-05-26 07:36:51 --> Session: Class initialized using 'CodeIgniter\Session\Handlers\FileHandler' driver.
DEBUG - 2026-05-26 07:37:25 --> Session: Class initialized using 'CodeIgniter\Session\Handlers\FileHandler' driver.
DEBUG - 2026-05-26 07:37:27 --> Session: Class initialized using 'CodeIgniter\Session\Handlers\FileHandler' driver.
DEBUG - 2026-05-26 07:37:31 --> Session: Class initialized using 'CodeIgniter\Session\Handlers\FileHandler' driver.
DEBUG - 2026-05-26 07:37:33 --> Session: Class initialized using 'CodeIgniter\Session\Handlers\FileHandler' driver.
DEBUG - 2026-05-26 07:37:39 --> Session: Class initialized using 'CodeIgniter\Session\Handlers\FileHandler' driver.
DEBUG - 2026-05-26 07:46:22 --> Session: Class initialized using 'CodeIgniter\Session\Handlers\FileHandler' driver.
DEBUG - 2026-05-26 07:46:26 --> Session: Class initialized using 'CodeIgniter\Session\Handlers\FileHandler' driver.
DEBUG - 2026-05-26 07:46:28 --> Session: Class initialized using 'CodeIgniter\Session\Handlers\FileHandler' driver.
DEBUG - 2026-05-26 07:47:19 --> Session: Class initialized using 'CodeIgniter\Session\Handlers\FileHandler' driver.
DEBUG - 2026-05-26 07:50:12 --> Session: Class initialized using 'CodeIgniter\Session\Handlers\FileHandler' driver.
DEBUG - 2026-05-26 07:58:51 --> Session: Class initialized using 'CodeIgniter\Session\Handlers\FileHandler' driver.
DEBUG - 2026-05-26 07:58:56 --> Session: Class initialized using 'CodeIgniter\Session\Handlers\FileHandler' driver.
DEBUG - 2026-05-26 09:12:20 --> Session: Class initialized using 'CodeIgniter\Session\Handlers\FileHandler' driver.
DEBUG - 2026-05-26 09:18:30 --> Session: Class initialized using 'CodeIgniter\Session\Handlers\FileHandler' driver.
DEBUG - 2026-05-26 09:18:32 --> Session: Class initialized using 'CodeIgniter\Session\Handlers\FileHandler' driver.
DEBUG - 2026-05-26 09:18:33 --> Session: Class initialized using 'CodeIgniter\Session\Handlers\FileHandler' driver.
DEBUG - 2026-05-26 09:18:39 --> Session: Class initialized using 'CodeIgniter\Session\Handlers\FileHandler' driver.
DEBUG - 2026-05-26 10:27:24 --> Session: Class initialized using 'CodeIgniter\Session\Handlers\FileHandler' driver.
DEBUG - 2026-05-26 10:27:41 --> Session: Class initialized using 'CodeIgniter\Session\Handlers\FileHandler' driver.
DEBUG - 2026-05-26 10:27:41 --> Session: Class initialized using 'CodeIgniter\Session\Handlers\FileHandler' driver.
DEBUG - 2026-05-26 10:27:49 --> Session: Class initialized using 'CodeIgniter\Session\Handlers\FileHandler' driver.
DEBUG - 2026-05-26 10:27:52 --> Session: Class initialized using 'CodeIgniter\Session\Handlers\FileHandler' driver.
DEBUG - 2026-05-26 10:28:05 --> Session: Class initialized using 'CodeIgniter\Session\Handlers\FileHandler' driver.
DEBUG - 2026-05-26 10:28:16 --> Session: Class initialized using 'CodeIgniter\Session\Handlers\FileHandler' driver.
DEBUG - 2026-05-26 10:28:56 --> Session: Class initialized using 'CodeIgniter\Session\Handlers\FileHandler' driver.
DEBUG - 2026-05-26 10:29:14 --> Session: Class initialized using 'CodeIgniter\Session\Handlers\FileHandler' driver.
DEBUG - 2026-05-26 10:32:33 --> Session: Class initialized using 'CodeIgniter\Session\Handlers\FileHandler' driver.
DEBUG - 2026-05-26 10:33:31 --> Session: Class initialized using 'CodeIgniter\Session\Handlers\FileHandler' driver.
DEBUG - 2026-05-26 10:34:49 --> Session: Class initialized using 'CodeIgniter\Session\Handlers\FileHandler' driver.
DEBUG - 2026-05-26 10:35:01 --> Session: Class initialized using 'CodeIgniter\Session\Handlers\FileHandler' driver.
DEBUG - 2026-05-26 10:35:11 --> Session: Class initialized using 'CodeIgniter\Session\Handlers\FileHandler' driver.
DEBUG - 2026-05-26 10:35:30 --> Session: Class initialized using 'CodeIgniter\Session\Handlers\FileHandler' driver.
DEBUG - 2026-05-26 10:35:51 --> Session: Class initialized using 'CodeIgniter\Session\Handlers\FileHandler' driver.
DEBUG - 2026-05-26 10:36:04 --> Session: Class initialized using 'CodeIgniter\Session\Handlers\FileHandler' driver.
DEBUG - 2026-05-26 10:36:06 --> Session: Class initialized using 'CodeIgniter\Session\Handlers\FileHandler' driver.
DEBUG - 2026-05-26 10:37:42 --> Session: Class initialized using 'CodeIgniter\Session\Handlers\FileHandler' driver.
DEBUG - 2026-05-26 10:37:54 --> Session: Class initialized using 'CodeIgniter\Session\Handlers\FileHandler' driver.
DEBUG - 2026-05-26 10:43:32 --> Session: Class initialized using 'CodeIgniter\Session\Handlers\FileHandler' driver.
DEBUG - 2026-05-26 10:43:42 --> Session: Class initialized using 'CodeIgniter\Session\Handlers\FileHandler' driver.
DEBUG - 2026-05-26 10:43:44 --> Session: Class initialized using 'CodeIgniter\Session\Handlers\FileHandler' driver.
DEBUG - 2026-05-26 10:43:45 --> Session: Class initialized using 'CodeIgniter\Session\Handlers\FileHandler' driver.
DEBUG - 2026-05-26 10:43:47 --> Session: Class initialized using 'CodeIgniter\Session\Handlers\FileHandler' driver.
DEBUG - 2026-05-26 10:43:48 --> Session: Class initialized using 'CodeIgniter\Session\Handlers\FileHandler' driver.
DEBUG - 2026-05-26 10:44:00 --> Session: Class initialized using 'CodeIgniter\Session\Handlers\FileHandler' driver.
DEBUG - 2026-05-26 10:45:00 --> Session: Class initialized using 'CodeIgniter\Session\Handlers\FileHandler' driver.
DEBUG - 2026-05-26 10:45:19 --> Session: Class initialized using 'CodeIgniter\Session\Handlers\FileHandler' driver.
DEBUG - 2026-05-26 10:47:05 --> Session: Class initialized using 'CodeIgniter\Session\Handlers\FileHandler' driver.
DEBUG - 2026-05-26 10:48:26 --> Session: Class initialized using 'CodeIgniter\Session\Handlers\FileHandler' driver.
DEBUG - 2026-05-26 10:50:51 --> Session: Class initialized using 'CodeIgniter\Session\Handlers\FileHandler' driver.
DEBUG - 2026-05-26 10:54:11 --> Session: Class initialized using 'CodeIgniter\Session\Handlers\FileHandler' driver.
DEBUG - 2026-05-26 10:55:21 --> Session: Class initialized using 'CodeIgniter\Session\Handlers\FileHandler' driver.
DEBUG - 2026-05-26 10:55:42 --> Session: Class initialized using 'CodeIgniter\Session\Handlers\FileHandler' driver.
DEBUG - 2026-05-26 10:55:50 --> Session: Class initialized using 'CodeIgniter\Session\Handlers\FileHandler' driver.
DEBUG - 2026-05-26 10:55:53 --> Session: Class initialized using 'CodeIgniter\Session\Handlers\FileHandler' driver.
DEBUG - 2026-05-26 12:03:57 --> Session: Class initialized using 'CodeIgniter\Session\Handlers\FileHandler' driver.
DEBUG - 2026-05-26 12:04:04 --> Session: Class initialized using 'CodeIgniter\Session\Handlers\FileHandler' driver.
DEBUG - 2026-05-26 12:04:04 --> Session: Class initialized using 'CodeIgniter\Session\Handlers\FileHandler' driver.
DEBUG - 2026-05-26 12:04:12 --> Session: Class initialized using 'CodeIgniter\Session\Handlers\FileHandler' driver.
DEBUG - 2026-05-26 12:04:17 --> Session: Class initialized using 'CodeIgniter\Session\Handlers\FileHandler' driver.
DEBUG - 2026-05-26 12:04:17 --> Session: Class initialized using 'CodeIgniter\Session\Handlers\FileHandler' driver.
DEBUG - 2026-05-26 12:04:23 --> Session: Class initialized using 'CodeIgniter\Session\Handlers\FileHandler' driver.
DEBUG - 2026-05-26 12:04:23 --> Session: Class initialized using 'CodeIgniter\Session\Handlers\FileHandler' driver.
DEBUG - 2026-05-26 12:04:44 --> Session: Class initialized using 'CodeIgniter\Session\Handlers\FileHandler' driver.
DEBUG - 2026-05-26 12:04:45 --> Session: Class initialized using 'CodeIgniter\Session\Handlers\FileHandler' driver.
DEBUG - 2026-05-26 12:05:03 --> Session: Class initialized using 'CodeIgniter\Session\Handlers\FileHandler' driver.
DEBUG - 2026-05-26 12:05:56 --> Session: Class initialized using 'CodeIgniter\Session\Handlers\FileHandler' driver.
DEBUG - 2026-05-26 12:06:21 --> Session: Class initialized using 'CodeIgniter\Session\Handlers\FileHandler' driver.
DEBUG - 2026-05-26 12:06:55 --> Session: Class initialized using 'CodeIgniter\Session\Handlers\FileHandler' driver.
DEBUG - 2026-05-26 12:07:19 --> Session: Class initialized using 'CodeIgniter\Session\Handlers\FileHandler' driver.
DEBUG - 2026-05-26 12:07:21 --> Session: Class initialized using 'CodeIgniter\Session\Handlers\FileHandler' driver.
DEBUG - 2026-05-26 12:07:21 --> Session: Class initialized using 'CodeIgniter\Session\Handlers\FileHandler' driver.
DEBUG - 2026-05-26 12:07:23 --> Session: Class initialized using 'CodeIgniter\Session\Handlers\FileHandler' driver.
DEBUG - 2026-05-26 12:07:24 --> Session: Class initialized using 'CodeIgniter\Session\Handlers\FileHandler' driver.
DEBUG - 2026-05-26 12:07:24 --> Session: Class initialized using 'CodeIgniter\Session\Handlers\FileHandler' driver.
DEBUG - 2026-05-26 12:07:29 --> Session: Class initialized using 'CodeIgniter\Session\Handlers\FileHandler' driver.
DEBUG - 2026-05-26 12:07:29 --> Session: Class initialized using 'CodeIgniter\Session\Handlers\FileHandler' driver.
DEBUG - 2026-05-26 12:08:27 --> Session: Class initialized using 'CodeIgniter\Session\Handlers\FileHandler' driver.
DEBUG - 2026-05-26 12:08:32 --> Session: Class initialized using 'CodeIgniter\Session\Handlers\FileHandler' driver.
DEBUG - 2026-05-26 12:08:32 --> Session: Class initialized using 'CodeIgniter\Session\Handlers\FileHandler' driver.
DEBUG - 2026-05-26 12:08:53 --> Session: Class initialized using 'CodeIgniter\Session\Handlers\FileHandler' driver.
DEBUG - 2026-05-26 12:08:53 --> Session: Class initialized using 'CodeIgniter\Session\Handlers\FileHandler' driver.
DEBUG - 2026-05-26 12:09:03 --> Session: Class initialized using 'CodeIgniter\Session\Handlers\FileHandler' driver.
DEBUG - 2026-05-26 12:09:03 --> Session: Class initialized using 'CodeIgniter\Session\Handlers\FileHandler' driver.
DEBUG - 2026-05-26 12:09:13 --> Session: Class initialized using 'CodeIgniter\Session\Handlers\FileHandler' driver.
DEBUG - 2026-05-26 12:09:13 --> Session: Class initialized using 'CodeIgniter\Session\Handlers\FileHandler' driver.
DEBUG - 2026-05-26 12:09:22 --> Session: Class initialized using 'CodeIgniter\Session\Handlers\FileHandler' driver.
DEBUG - 2026-05-26 12:09:23 --> Session: Class initialized using 'CodeIgniter\Session\Handlers\FileHandler' driver.
DEBUG - 2026-05-26 12:09:31 --> Session: Class initialized using 'CodeIgniter\Session\Handlers\FileHandler' driver.
DEBUG - 2026-05-26 12:09:37 --> Session: Class initialized using 'CodeIgniter\Session\Handlers\FileHandler' driver.
DEBUG - 2026-05-26 12:09:37 --> Session: Class initialized using 'CodeIgniter\Session\Handlers\FileHandler' driver.
DEBUG - 2026-05-26 12:09:44 --> Session: Class initialized using 'CodeIgniter\Session\Handlers\FileHandler' driver.
DEBUG - 2026-05-26 12:09:44 --> Session: Class initialized using 'CodeIgniter\Session\Handlers\FileHandler' driver.
DEBUG - 2026-05-26 12:09:48 --> Session: Class initialized using 'CodeIgniter\Session\Handlers\FileHandler' driver.
DEBUG - 2026-05-26 12:09:48 --> Session: Class initialized using 'CodeIgniter\Session\Handlers\FileHandler' driver.
DEBUG - 2026-05-26 12:09:49 --> Session: Class initialized using 'CodeIgniter\Session\Handlers\FileHandler' driver.
DEBUG - 2026-05-26 12:09:49 --> Session: Class initialized using 'CodeIgniter\Session\Handlers\FileHandler' driver.
DEBUG - 2026-05-26 12:09:49 --> Session: Class initialized using 'CodeIgniter\Session\Handlers\FileHandler' driver.
DEBUG - 2026-05-26 12:09:50 --> Session: Class initialized using 'CodeIgniter\Session\Handlers\FileHandler' driver.
DEBUG - 2026-05-26 12:12:28 --> Session: Class initialized using 'CodeIgniter\Session\Handlers\FileHandler' driver.
DEBUG - 2026-05-26 12:12:33 --> Session: Class initialized using 'CodeIgniter\Session\Handlers\FileHandler' driver.
DEBUG - 2026-05-26 12:12:33 --> Session: Class initialized using 'CodeIgniter\Session\Handlers\FileHandler' driver.
DEBUG - 2026-05-26 12:12:38 --> Session: Class initialized using 'CodeIgniter\Session\Handlers\FileHandler' driver.
DEBUG - 2026-05-26 12:12:38 --> Session: Class initialized using 'CodeIgniter\Session\Handlers\FileHandler' driver.
DEBUG - 2026-05-26 12:12:43 --> Session: Class initialized using 'CodeIgniter\Session\Handlers\FileHandler' driver.
DEBUG - 2026-05-26 12:12:45 --> Session: Class initialized using 'CodeIgniter\Session\Handlers\FileHandler' driver.
DEBUG - 2026-05-26 12:13:55 --> Session: Class initialized using 'CodeIgniter\Session\Handlers\FileHandler' driver.
DEBUG - 2026-05-26 12:13:57 --> Session: Class initialized using 'CodeIgniter\Session\Handlers\FileHandler' driver.
DEBUG - 2026-05-26 12:14:07 --> Session: Class initialized using 'CodeIgniter\Session\Handlers\FileHandler' driver.
DEBUG - 2026-05-26 12:14:08 --> Session: Class initialized using 'CodeIgniter\Session\Handlers\FileHandler' driver.
DEBUG - 2026-05-26 12:14:34 --> Session: Class initialized using 'CodeIgniter\Session\Handlers\FileHandler' driver.
DEBUG - 2026-05-26 12:15:31 --> Session: Class initialized using 'CodeIgniter\Session\Handlers\FileHandler' driver.
DEBUG - 2026-05-26 12:15:34 --> Session: Class initialized using 'CodeIgniter\Session\Handlers\FileHandler' driver.
DEBUG - 2026-05-26 12:15:44 --> Session: Class initialized using 'CodeIgniter\Session\Handlers\FileHandler' driver.
DEBUG - 2026-05-26 12:15:44 --> Session: Class initialized using 'CodeIgniter\Session\Handlers\FileHandler' driver.
DEBUG - 2026-05-26 12:15:47 --> Session: Class initialized using 'CodeIgniter\Session\Handlers\FileHandler' driver.
DEBUG - 2026-05-26 12:17:43 --> Session: Class initialized using 'CodeIgniter\Session\Handlers\FileHandler' driver.
DEBUG - 2026-05-26 12:17:47 --> Session: Class initialized using 'CodeIgniter\Session\Handlers\FileHandler' driver.
DEBUG - 2026-05-26 12:19:40 --> Session: Class initialized using 'CodeIgniter\Session\Handlers\FileHandler' driver.
DEBUG - 2026-05-26 12:19:43 --> Session: Class initialized using 'CodeIgniter\Session\Handlers\FileHandler' driver.
DEBUG - 2026-05-26 12:19:48 --> Session: Class initialized using 'CodeIgniter\Session\Handlers\FileHandler' driver.
DEBUG - 2026-05-26 12:19:48 --> Session: Class initialized using 'CodeIgniter\Session\Handlers\FileHandler' driver.
DEBUG - 2026-05-26 12:19:54 --> Session: Class initialized using 'CodeIgniter\Session\Handlers\FileHandler' driver.
DEBUG - 2026-05-26 12:19:57 --> Session: Class initialized using 'CodeIgniter\Session\Handlers\FileHandler' driver.
DEBUG - 2026-05-26 12:19:57 --> Session: Class initialized using 'CodeIgniter\Session\Handlers\FileHandler' driver.
DEBUG - 2026-05-26 12:20:31 --> Session: Class initialized using 'CodeIgniter\Session\Handlers\FileHandler' driver.
DEBUG - 2026-05-26 12:21:51 --> Session: Class initialized using 'CodeIgniter\Session\Handlers\FileHandler' driver.
DEBUG - 2026-05-26 12:21:53 --> Session: Class initialized using 'CodeIgniter\Session\Handlers\FileHandler' driver.
DEBUG - 2026-05-26 12:22:50 --> Session: Class initialized using 'CodeIgniter\Session\Handlers\FileHandler' driver.
DEBUG - 2026-05-26 12:22:51 --> Session: Class initialized using 'CodeIgniter\Session\Handlers\FileHandler' driver.
DEBUG - 2026-05-26 12:22:57 --> Session: Class initialized using 'CodeIgniter\Session\Handlers\FileHandler' driver.
DEBUG - 2026-05-26 12:25:38 --> Session: Class initialized using 'CodeIgniter\Session\Handlers\FileHandler' driver.
DEBUG - 2026-05-26 12:25:43 --> Session: Class initialized using 'CodeIgniter\Session\Handlers\FileHandler' driver.
DEBUG - 2026-05-26 12:29:02 --> Session: Class initialized using 'CodeIgniter\Session\Handlers\FileHandler' driver.
DEBUG - 2026-05-26 12:29:05 --> Session: Class initialized using 'CodeIgniter\Session\Handlers\FileHandler' driver.
DEBUG - 2026-05-26 12:29:43 --> Session: Class initialized using 'CodeIgniter\Session\Handlers\FileHandler' driver.
DEBUG - 2026-05-26 12:29:50 --> Session: Class initialized using 'CodeIgniter\Session\Handlers\FileHandler' driver.
DEBUG - 2026-05-26 12:32:57 --> Session: Class initialized using 'CodeIgniter\Session\Handlers\FileHandler' driver.
DEBUG - 2026-05-26 12:32:58 --> Session: Class initialized using 'CodeIgniter\Session\Handlers\FileHandler' driver.
DEBUG - 2026-05-26 12:33:20 --> Session: Class initialized using 'CodeIgniter\Session\Handlers\FileHandler' driver.
DEBUG - 2026-05-26 12:33:38 --> Session: Class initialized using 'CodeIgniter\Session\Handlers\FileHandler' driver.
DEBUG - 2026-05-26 12:33:40 --> Session: Class initialized using 'CodeIgniter\Session\Handlers\FileHandler' driver.
DEBUG - 2026-05-26 12:33:41 --> Session: Class initialized using 'CodeIgniter\Session\Handlers\FileHandler' driver.
DEBUG - 2026-05-26 12:33:46 --> Session: Class initialized using 'CodeIgniter\Session\Handlers\FileHandler' driver.
DEBUG - 2026-05-26 12:33:46 --> Session: Class initialized using 'CodeIgniter\Session\Handlers\FileHandler' driver.
DEBUG - 2026-05-26 12:33:50 --> Session: Class initialized using 'CodeIgniter\Session\Handlers\FileHandler' driver.
DEBUG - 2026-05-26 12:33:51 --> Session: Class initialized using 'CodeIgniter\Session\Handlers\FileHandler' driver.
DEBUG - 2026-05-26 12:33:58 --> Session: Class initialized using 'CodeIgniter\Session\Handlers\FileHandler' driver.
DEBUG - 2026-05-26 12:33:59 --> Session: Class initialized using 'CodeIgniter\Session\Handlers\FileHandler' driver.
DEBUG - 2026-05-26 12:34:51 --> Session: Class initialized using 'CodeIgniter\Session\Handlers\FileHandler' driver.
DEBUG - 2026-05-26 12:34:59 --> Session: Class initialized using 'CodeIgniter\Session\Handlers\FileHandler' driver.
DEBUG - 2026-05-26 12:34:59 --> Session: Class initialized using 'CodeIgniter\Session\Handlers\FileHandler' driver.
DEBUG - 2026-05-26 12:35:01 --> Session: Class initialized using 'CodeIgniter\Session\Handlers\FileHandler' driver.
DEBUG - 2026-05-26 12:35:01 --> Session: Class initialized using 'CodeIgniter\Session\Handlers\FileHandler' driver.
DEBUG - 2026-05-26 12:35:06 --> Session: Class initialized using 'CodeIgniter\Session\Handlers\FileHandler' driver.
DEBUG - 2026-05-26 12:35:06 --> Session: Class initialized using 'CodeIgniter\Session\Handlers\FileHandler' driver.
DEBUG - 2026-05-26 12:35:11 --> Session: Class initialized using 'CodeIgniter\Session\Handlers\FileHandler' driver.
DEBUG - 2026-05-26 12:35:11 --> Session: Class initialized using 'CodeIgniter\Session\Handlers\FileHandler' driver.
DEBUG - 2026-05-26 12:35:13 --> Session: Class initialized using 'CodeIgniter\Session\Handlers\FileHandler' driver.
DEBUG - 2026-05-26 12:35:13 --> Session: Class initialized using 'CodeIgniter\Session\Handlers\FileHandler' driver.
DEBUG - 2026-05-26 12:35:14 --> Session: Class initialized using 'CodeIgniter\Session\Handlers\FileHandler' driver.
DEBUG - 2026-05-26 12:35:15 --> Session: Class initialized using 'CodeIgniter\Session\Handlers\FileHandler' driver.
DEBUG - 2026-05-26 12:35:16 --> Session: Class initialized using 'CodeIgniter\Session\Handlers\FileHandler' driver.
DEBUG - 2026-05-26 12:35:19 --> Session: Class initialized using 'CodeIgniter\Session\Handlers\FileHandler' driver.
DEBUG - 2026-05-26 12:35:20 --> Session: Class initialized using 'CodeIgniter\Session\Handlers\FileHandler' driver.
DEBUG - 2026-05-26 12:35:22 --> Session: Class initialized using 'CodeIgniter\Session\Handlers\FileHandler' driver.
DEBUG - 2026-05-26 12:35:23 --> Session: Class initialized using 'CodeIgniter\Session\Handlers\FileHandler' driver.
DEBUG - 2026-05-26 12:35:24 --> Session: Class initialized using 'CodeIgniter\Session\Handlers\FileHandler' driver.
DEBUG - 2026-05-26 12:35:25 --> Session: Class initialized using 'CodeIgniter\Session\Handlers\FileHandler' driver.
DEBUG - 2026-05-26 12:35:28 --> Session: Class initialized using 'CodeIgniter\Session\Handlers\FileHandler' driver.
DEBUG - 2026-05-26 12:35:29 --> Session: Class initialized using 'CodeIgniter\Session\Handlers\FileHandler' driver.
DEBUG - 2026-05-26 12:35:30 --> Session: Class initialized using 'CodeIgniter\Session\Handlers\FileHandler' driver.
DEBUG - 2026-05-26 12:35:31 --> Session: Class initialized using 'CodeIgniter\Session\Handlers\FileHandler' driver.
DEBUG - 2026-05-26 12:35:32 --> Session: Class initialized using 'CodeIgniter\Session\Handlers\FileHandler' driver.
DEBUG - 2026-05-26 12:35:33 --> Session: Class initialized using 'CodeIgniter\Session\Handlers\FileHandler' driver.
DEBUG - 2026-05-26 12:35:34 --> Session: Class initialized using 'CodeIgniter\Session\Handlers\FileHandler' driver.
DEBUG - 2026-05-26 12:35:35 --> Session: Class initialized using 'CodeIgniter\Session\Handlers\FileHandler' driver.
DEBUG - 2026-05-26 12:35:36 --> Session: Class initialized using 'CodeIgniter\Session\Handlers\FileHandler' driver.
DEBUG - 2026-05-26 12:35:39 --> Session: Class initialized using 'CodeIgniter\Session\Handlers\FileHandler' driver.
DEBUG - 2026-05-26 12:35:42 --> Session: Class initialized using 'CodeIgniter\Session\Handlers\FileHandler' driver.
DEBUG - 2026-05-26 12:36:28 --> Session: Class initialized using 'CodeIgniter\Session\Handlers\FileHandler' driver.
DEBUG - 2026-05-26 12:36:48 --> Session: Class initialized using 'CodeIgniter\Session\Handlers\FileHandler' driver.
DEBUG - 2026-05-26 12:36:50 --> Session: Class initialized using 'CodeIgniter\Session\Handlers\FileHandler' driver.
CRITICAL - 2026-05-26 12:36:50 --> CodeIgniter\View\Exceptions\ViewException: Invalid file: "nhanvien/create.php"
[Method: GET, Route: nhan_vien/create]
in SYSTEMPATH\Exceptions\FrameworkException.php on line 39.
 1 SYSTEMPATH\View\View.php(228): CodeIgniter\Exceptions\FrameworkException::forInvalidFile('nhanvien/create.php')
 2 SYSTEMPATH\Common.php(1250): CodeIgniter\View\View->render('nhanvien/create', [], true)
 3 APPPATH\Controllers\NhanVienController.php(18): view('nhanvien/create')
 4 SYSTEMPATH\CodeIgniter.php(951): App\Controllers\NhanVienController->create()
 5 SYSTEMPATH\CodeIgniter.php(497): CodeIgniter\CodeIgniter->runController(Object(App\Controllers\NhanVienController))
 6 SYSTEMPATH\CodeIgniter.php(340): CodeIgniter\CodeIgniter->handleRequest(null, Object(Config\Cache), false)
 7 SYSTEMPATH\Boot.php(417): CodeIgniter\CodeIgniter->run()
 8 SYSTEMPATH\Boot.php(68): CodeIgniter\Boot::runCodeIgniter(Object(CodeIgniter\CodeIgniter))
 9 FCPATH\index.php(59): CodeIgniter\Boot::bootWeb(Object(Config\Paths))
DEBUG - 2026-05-26 13:01:08 --> Session: Class initialized using 'CodeIgniter\Session\Handlers\FileHandler' driver.
CRITICAL - 2026-05-26 13:01:08 --> Error: Class "App\Models\VaiTroModel" not found
[Method: GET, Route: nhan_vien/create]
in APPPATH\Controllers\NhanVienController.php on line 22.
 1 SYSTEMPATH\CodeIgniter.php(951): App\Controllers\NhanVienController->create()
 2 SYSTEMPATH\CodeIgniter.php(497): CodeIgniter\CodeIgniter->runController(Object(App\Controllers\NhanVienController))
 3 SYSTEMPATH\CodeIgniter.php(340): CodeIgniter\CodeIgniter->handleRequest(null, Object(Config\Cache), false)
 4 SYSTEMPATH\Boot.php(417): CodeIgniter\CodeIgniter->run()
 5 SYSTEMPATH\Boot.php(68): CodeIgniter\Boot::runCodeIgniter(Object(CodeIgniter\CodeIgniter))
 6 FCPATH\index.php(59): CodeIgniter\Boot::bootWeb(Object(Config\Paths))
DEBUG - 2026-05-26 13:24:09 --> Session: Class initialized using 'CodeIgniter\Session\Handlers\FileHandler' driver.
DEBUG - 2026-05-26 13:24:30 --> Session: Class initialized using 'CodeIgniter\Session\Handlers\FileHandler' driver.
DEBUG - 2026-05-26 13:25:06 --> Session: Class initialized using 'CodeIgniter\Session\Handlers\FileHandler' driver.
DEBUG - 2026-05-26 13:25:08 --> Session: Class initialized using 'CodeIgniter\Session\Handlers\FileHandler' driver.
ERROR - 2026-05-26 13:25:08 --> Unknown column 'created_at' in 'field list'
in SYSTEMPATH\Database\MySQLi\Connection.php on line 300.
 1 SYSTEMPATH\Database\MySQLi\Connection.php(300): mysqli->query('INSERT INTO `nhan_vien` (`ma_nhan_vien`, `ho_ten`, `gioi_tinh`, `ngay_sinh`, `so_dien_thoai`, `email`, `luong`, `ngay_vao_lam`, `phong_ban_id`, `vai_tro_id`, `trang_thai`, `created_at`, `updated_at`) VALUES (\'\', \'\', \'NAM\', \'\', \'\', \'\', \'\', \'\', \'1\', \'1\', \'ACTIVE\', \'2026-05-26 13:25:08\', \'2026-05-26 13:25:08\')', 0)
 2 SYSTEMPATH\Database\BaseConnection.php(910): CodeIgniter\Database\MySQLi\Connection->execute('INSERT INTO `nhan_vien` (`ma_nhan_vien`, `ho_ten`, `gioi_tinh`, `ngay_sinh`, `so_dien_thoai`, `email`, `luong`, `ngay_vao_lam`, `phong_ban_id`, `vai_tro_id`, `trang_thai`, `created_at`, `updated_at`) VALUES (\'\', \'\', \'NAM\', \'\', \'\', \'\', \'\', \'\', \'1\', \'1\', \'ACTIVE\', \'2026-05-26 13:25:08\', \'2026-05-26 13:25:08\')')
 3 SYSTEMPATH\Database\BaseConnection.php(827): CodeIgniter\Database\BaseConnection->simpleQuery('INSERT INTO `nhan_vien` (`ma_nhan_vien`, `ho_ten`, `gioi_tinh`, `ngay_sinh`, `so_dien_thoai`, `email`, `luong`, `ngay_vao_lam`, `phong_ban_id`, `vai_tro_id`, `trang_thai`, `created_at`, `updated_at`) VALUES (\'\', \'\', \'NAM\', \'\', \'\', \'\', \'\', \'\', \'1\', \'1\', \'ACTIVE\', \'2026-05-26 13:25:08\', \'2026-05-26 13:25:08\')')
 4 SYSTEMPATH\Database\BaseBuilder.php(2345): CodeIgniter\Database\BaseConnection->query('INSERT INTO `nhan_vien` (`ma_nhan_vien`, `ho_ten`, `gioi_tinh`, `ngay_sinh`, `so_dien_thoai`, `email`, `luong`, `ngay_vao_lam`, `phong_ban_id`, `vai_tro_id`, `trang_thai`, `created_at`, `updated_at`) VALUES (:ma_nhan_vien:, :ho_ten:, :gioi_tinh:, :ngay_sinh:, :so_dien_thoai:, :email:, :luong:, :ngay_vao_lam:, :phong_ban_id:, :vai_tro_id:, :trang_thai:, :created_at:, :updated_at:)', [...], false)
 5 SYSTEMPATH\Model.php(355): CodeIgniter\Database\BaseBuilder->insert()
 6 SYSTEMPATH\BaseModel.php(899): CodeIgniter\Model->doInsert([...])
 7 SYSTEMPATH\Model.php(668): CodeIgniter\BaseModel->insert([...], false)
 8 SYSTEMPATH\BaseModel.php(752): CodeIgniter\Model->insert([...], false)
 9 APPPATH\Controllers\NhanVienController.php(34): CodeIgniter\BaseModel->save([...])
10 SYSTEMPATH\CodeIgniter.php(951): App\Controllers\NhanVienController->store()
11 SYSTEMPATH\CodeIgniter.php(497): CodeIgniter\CodeIgniter->runController(Object(App\Controllers\NhanVienController))
12 SYSTEMPATH\CodeIgniter.php(340): CodeIgniter\CodeIgniter->handleRequest(null, Object(Config\Cache), false)
13 SYSTEMPATH\Boot.php(417): CodeIgniter\CodeIgniter->run()
14 SYSTEMPATH\Boot.php(68): CodeIgniter\Boot::runCodeIgniter(Object(CodeIgniter\CodeIgniter))
15 FCPATH\index.php(59): CodeIgniter\Boot::bootWeb(Object(Config\Paths))
CRITICAL - 2026-05-26 13:25:08 --> CodeIgniter\Database\Exceptions\DatabaseException: Unknown column 'created_at' in 'field list'
[Method: POST, Route: nhan_vien/store]
in SYSTEMPATH\Database\BaseConnection.php on line 865.
 1 SYSTEMPATH\Database\BaseBuilder.php(2345): CodeIgniter\Database\BaseConnection->query('INSERT INTO `nhan_vien` (`ma_nhan_vien`, `ho_ten`, `gioi_tinh`, `ngay_sinh`, `so_dien_thoai`, `email`, `luong`, `ngay_vao_lam`, `phong_ban_id`, `vai_tro_id`, `trang_thai`, `created_at`, `updated_at`) VALUES (:ma_nhan_vien:, :ho_ten:, :gioi_tinh:, :ngay_sinh:, :so_dien_thoai:, :email:, :luong:, :ngay_vao_lam:, :phong_ban_id:, :vai_tro_id:, :trang_thai:, :created_at:, :updated_at:)', [...], false)
 2 SYSTEMPATH\Model.php(355): CodeIgniter\Database\BaseBuilder->insert()
 3 SYSTEMPATH\BaseModel.php(899): CodeIgniter\Model->doInsert([...])
 4 SYSTEMPATH\Model.php(668): CodeIgniter\BaseModel->insert([...], false)
 5 SYSTEMPATH\BaseModel.php(752): CodeIgniter\Model->insert([...], false)
 6 APPPATH\Controllers\NhanVienController.php(34): CodeIgniter\BaseModel->save([...])
 7 SYSTEMPATH\CodeIgniter.php(951): App\Controllers\NhanVienController->store()
 8 SYSTEMPATH\CodeIgniter.php(497): CodeIgniter\CodeIgniter->runController(Object(App\Controllers\NhanVienController))
 9 SYSTEMPATH\CodeIgniter.php(340): CodeIgniter\CodeIgniter->handleRequest(null, Object(Config\Cache), false)
10 SYSTEMPATH\Boot.php(417): CodeIgniter\CodeIgniter->run()
11 SYSTEMPATH\Boot.php(68): CodeIgniter\Boot::runCodeIgniter(Object(CodeIgniter\CodeIgniter))
12 FCPATH\index.php(59): CodeIgniter\Boot::bootWeb(Object(Config\Paths))
CRITICAL - 2026-05-26 13:25:08 --> [Caused by] CodeIgniter\Database\Exceptions\DatabaseException: Unknown column 'created_at' in 'field list'
in SYSTEMPATH\Database\MySQLi\Connection.php on line 310.
 1 SYSTEMPATH\Database\BaseConnection.php(910): CodeIgniter\Database\MySQLi\Connection->execute('INSERT INTO `nhan_vien` (`ma_nhan_vien`, `ho_ten`, `gioi_tinh`, `ngay_sinh`, `so_dien_thoai`, `email`, `luong`, `ngay_vao_lam`, `phong_ban_id`, `vai_tro_id`, `trang_thai`, `created_at`, `updated_at`) VALUES (\'\', \'\', \'NAM\', \'\', \'\', \'\', \'\', \'\', \'1\', \'1\', \'ACTIVE\', \'2026-05-26 13:25:08\', \'2026-05-26 13:25:08\')')
 2 SYSTEMPATH\Database\BaseConnection.php(827): CodeIgniter\Database\BaseConnection->simpleQuery('INSERT INTO `nhan_vien` (`ma_nhan_vien`, `ho_ten`, `gioi_tinh`, `ngay_sinh`, `so_dien_thoai`, `email`, `luong`, `ngay_vao_lam`, `phong_ban_id`, `vai_tro_id`, `trang_thai`, `created_at`, `updated_at`) VALUES (\'\', \'\', \'NAM\', \'\', \'\', \'\', \'\', \'\', \'1\', \'1\', \'ACTIVE\', \'2026-05-26 13:25:08\', \'2026-05-26 13:25:08\')')
 3 SYSTEMPATH\Database\BaseBuilder.php(2345): CodeIgniter\Database\BaseConnection->query('INSERT INTO `nhan_vien` (`ma_nhan_vien`, `ho_ten`, `gioi_tinh`, `ngay_sinh`, `so_dien_thoai`, `email`, `luong`, `ngay_vao_lam`, `phong_ban_id`, `vai_tro_id`, `trang_thai`, `created_at`, `updated_at`) VALUES (:ma_nhan_vien:, :ho_ten:, :gioi_tinh:, :ngay_sinh:, :so_dien_thoai:, :email:, :luong:, :ngay_vao_lam:, :phong_ban_id:, :vai_tro_id:, :trang_thai:, :created_at:, :updated_at:)', [...], false)
 4 SYSTEMPATH\Model.php(355): CodeIgniter\Database\BaseBuilder->insert()
 5 SYSTEMPATH\BaseModel.php(899): CodeIgniter\Model->doInsert([...])
 6 SYSTEMPATH\Model.php(668): CodeIgniter\BaseModel->insert([...], false)
 7 SYSTEMPATH\BaseModel.php(752): CodeIgniter\Model->insert([...], false)
 8 APPPATH\Controllers\NhanVienController.php(34): CodeIgniter\BaseModel->save([...])
 9 SYSTEMPATH\CodeIgniter.php(951): App\Controllers\NhanVienController->store()
10 SYSTEMPATH\CodeIgniter.php(497): CodeIgniter\CodeIgniter->runController(Object(App\Controllers\NhanVienController))
11 SYSTEMPATH\CodeIgniter.php(340): CodeIgniter\CodeIgniter->handleRequest(null, Object(Config\Cache), false)
12 SYSTEMPATH\Boot.php(417): CodeIgniter\CodeIgniter->run()
13 SYSTEMPATH\Boot.php(68): CodeIgniter\Boot::runCodeIgniter(Object(CodeIgniter\CodeIgniter))
14 FCPATH\index.php(59): CodeIgniter\Boot::bootWeb(Object(Config\Paths))
CRITICAL - 2026-05-26 13:25:08 --> [Caused by] mysqli_sql_exception: Unknown column 'created_at' in 'field list'
in SYSTEMPATH\Database\MySQLi\Connection.php on line 300.
 1 SYSTEMPATH\Database\MySQLi\Connection.php(300): mysqli->query('INSERT INTO `nhan_vien` (`ma_nhan_vien`, `ho_ten`, `gioi_tinh`, `ngay_sinh`, `so_dien_thoai`, `email`, `luong`, `ngay_vao_lam`, `phong_ban_id`, `vai_tro_id`, `trang_thai`, `created_at`, `updated_at`) VALUES (\'\', \'\', \'NAM\', \'\', \'\', \'\', \'\', \'\', \'1\', \'1\', \'ACTIVE\', \'2026-05-26 13:25:08\', \'2026-05-26 13:25:08\')', 0)
 2 SYSTEMPATH\Database\BaseConnection.php(910): CodeIgniter\Database\MySQLi\Connection->execute('INSERT INTO `nhan_vien` (`ma_nhan_vien`, `ho_ten`, `gioi_tinh`, `ngay_sinh`, `so_dien_thoai`, `email`, `luong`, `ngay_vao_lam`, `phong_ban_id`, `vai_tro_id`, `trang_thai`, `created_at`, `updated_at`) VALUES (\'\', \'\', \'NAM\', \'\', \'\', \'\', \'\', \'\', \'1\', \'1\', \'ACTIVE\', \'2026-05-26 13:25:08\', \'2026-05-26 13:25:08\')')
 3 SYSTEMPATH\Database\BaseConnection.php(827): CodeIgniter\Database\BaseConnection->simpleQuery('INSERT INTO `nhan_vien` (`ma_nhan_vien`, `ho_ten`, `gioi_tinh`, `ngay_sinh`, `so_dien_thoai`, `email`, `luong`, `ngay_vao_lam`, `phong_ban_id`, `vai_tro_id`, `trang_thai`, `created_at`, `updated_at`) VALUES (\'\', \'\', \'NAM\', \'\', \'\', \'\', \'\', \'\', \'1\', \'1\', \'ACTIVE\', \'2026-05-26 13:25:08\', \'2026-05-26 13:25:08\')')
 4 SYSTEMPATH\Database\BaseBuilder.php(2345): CodeIgniter\Database\BaseConnection->query('INSERT INTO `nhan_vien` (`ma_nhan_vien`, `ho_ten`, `gioi_tinh`, `ngay_sinh`, `so_dien_thoai`, `email`, `luong`, `ngay_vao_lam`, `phong_ban_id`, `vai_tro_id`, `trang_thai`, `created_at`, `updated_at`) VALUES (:ma_nhan_vien:, :ho_ten:, :gioi_tinh:, :ngay_sinh:, :so_dien_thoai:, :email:, :luong:, :ngay_vao_lam:, :phong_ban_id:, :vai_tro_id:, :trang_thai:, :created_at:, :updated_at:)', [...], false)
 5 SYSTEMPATH\Model.php(355): CodeIgniter\Database\BaseBuilder->insert()
 6 SYSTEMPATH\BaseModel.php(899): CodeIgniter\Model->doInsert([...])
 7 SYSTEMPATH\Model.php(668): CodeIgniter\BaseModel->insert([...], false)
 8 SYSTEMPATH\BaseModel.php(752): CodeIgniter\Model->insert([...], false)
 9 APPPATH\Controllers\NhanVienController.php(34): CodeIgniter\BaseModel->save([...])
10 SYSTEMPATH\CodeIgniter.php(951): App\Controllers\NhanVienController->store()
11 SYSTEMPATH\CodeIgniter.php(497): CodeIgniter\CodeIgniter->runController(Object(App\Controllers\NhanVienController))
12 SYSTEMPATH\CodeIgniter.php(340): CodeIgniter\CodeIgniter->handleRequest(null, Object(Config\Cache), false)
13 SYSTEMPATH\Boot.php(417): CodeIgniter\CodeIgniter->run()
14 SYSTEMPATH\Boot.php(68): CodeIgniter\Boot::runCodeIgniter(Object(CodeIgniter\CodeIgniter))
15 FCPATH\index.php(59): CodeIgniter\Boot::bootWeb(Object(Config\Paths))
DEBUG - 2026-05-26 13:34:33 --> Session: Class initialized using 'CodeIgniter\Session\Handlers\FileHandler' driver.
ERROR - 2026-05-26 13:34:33 --> Unknown column 'created_at' in 'field list'
in SYSTEMPATH\Database\MySQLi\Connection.php on line 300.
 1 SYSTEMPATH\Database\MySQLi\Connection.php(300): mysqli->query('INSERT INTO `nhan_vien` (`ma_nhan_vien`, `ho_ten`, `gioi_tinh`, `ngay_sinh`, `so_dien_thoai`, `email`, `luong`, `ngay_vao_lam`, `phong_ban_id`, `vai_tro_id`, `trang_thai`, `created_at`, `updated_at`) VALUES (\'\', \'\', \'NAM\', \'\', \'\', \'\', \'\', \'\', \'1\', \'1\', \'ACTIVE\', \'2026-05-26 13:34:33\', \'2026-05-26 13:34:33\')', 0)
 2 SYSTEMPATH\Database\BaseConnection.php(910): CodeIgniter\Database\MySQLi\Connection->execute('INSERT INTO `nhan_vien` (`ma_nhan_vien`, `ho_ten`, `gioi_tinh`, `ngay_sinh`, `so_dien_thoai`, `email`, `luong`, `ngay_vao_lam`, `phong_ban_id`, `vai_tro_id`, `trang_thai`, `created_at`, `updated_at`) VALUES (\'\', \'\', \'NAM\', \'\', \'\', \'\', \'\', \'\', \'1\', \'1\', \'ACTIVE\', \'2026-05-26 13:34:33\', \'2026-05-26 13:34:33\')')
 3 SYSTEMPATH\Database\BaseConnection.php(827): CodeIgniter\Database\BaseConnection->simpleQuery('INSERT INTO `nhan_vien` (`ma_nhan_vien`, `ho_ten`, `gioi_tinh`, `ngay_sinh`, `so_dien_thoai`, `email`, `luong`, `ngay_vao_lam`, `phong_ban_id`, `vai_tro_id`, `trang_thai`, `created_at`, `updated_at`) VALUES (\'\', \'\', \'NAM\', \'\', \'\', \'\', \'\', \'\', \'1\', \'1\', \'ACTIVE\', \'2026-05-26 13:34:33\', \'2026-05-26 13:34:33\')')
 4 SYSTEMPATH\Database\BaseBuilder.php(2345): CodeIgniter\Database\BaseConnection->query('INSERT INTO `nhan_vien` (`ma_nhan_vien`, `ho_ten`, `gioi_tinh`, `ngay_sinh`, `so_dien_thoai`, `email`, `luong`, `ngay_vao_lam`, `phong_ban_id`, `vai_tro_id`, `trang_thai`, `created_at`, `updated_at`) VALUES (:ma_nhan_vien:, :ho_ten:, :gioi_tinh:, :ngay_sinh:, :so_dien_thoai:, :email:, :luong:, :ngay_vao_lam:, :phong_ban_id:, :vai_tro_id:, :trang_thai:, :created_at:, :updated_at:)', [...], false)
 5 SYSTEMPATH\Model.php(355): CodeIgniter\Database\BaseBuilder->insert()
 6 SYSTEMPATH\BaseModel.php(899): CodeIgniter\Model->doInsert([...])
 7 SYSTEMPATH\Model.php(668): CodeIgniter\BaseModel->insert([...], false)
 8 SYSTEMPATH\BaseModel.php(752): CodeIgniter\Model->insert([...], false)
 9 APPPATH\Controllers\NhanVienController.php(34): CodeIgniter\BaseModel->save([...])
10 SYSTEMPATH\CodeIgniter.php(951): App\Controllers\NhanVienController->store()
11 SYSTEMPATH\CodeIgniter.php(497): CodeIgniter\CodeIgniter->runController(Object(App\Controllers\NhanVienController))
12 SYSTEMPATH\CodeIgniter.php(340): CodeIgniter\CodeIgniter->handleRequest(null, Object(Config\Cache), false)
13 SYSTEMPATH\Boot.php(417): CodeIgniter\CodeIgniter->run()
14 SYSTEMPATH\Boot.php(68): CodeIgniter\Boot::runCodeIgniter(Object(CodeIgniter\CodeIgniter))
15 FCPATH\index.php(59): CodeIgniter\Boot::bootWeb(Object(Config\Paths))
CRITICAL - 2026-05-26 13:34:33 --> CodeIgniter\Database\Exceptions\DatabaseException: Unknown column 'created_at' in 'field list'
[Method: POST, Route: nhan_vien/store]
in SYSTEMPATH\Database\BaseConnection.php on line 865.
 1 SYSTEMPATH\Database\BaseBuilder.php(2345): CodeIgniter\Database\BaseConnection->query('INSERT INTO `nhan_vien` (`ma_nhan_vien`, `ho_ten`, `gioi_tinh`, `ngay_sinh`, `so_dien_thoai`, `email`, `luong`, `ngay_vao_lam`, `phong_ban_id`, `vai_tro_id`, `trang_thai`, `created_at`, `updated_at`) VALUES (:ma_nhan_vien:, :ho_ten:, :gioi_tinh:, :ngay_sinh:, :so_dien_thoai:, :email:, :luong:, :ngay_vao_lam:, :phong_ban_id:, :vai_tro_id:, :trang_thai:, :created_at:, :updated_at:)', [...], false)
 2 SYSTEMPATH\Model.php(355): CodeIgniter\Database\BaseBuilder->insert()
 3 SYSTEMPATH\BaseModel.php(899): CodeIgniter\Model->doInsert([...])
 4 SYSTEMPATH\Model.php(668): CodeIgniter\BaseModel->insert([...], false)
 5 SYSTEMPATH\BaseModel.php(752): CodeIgniter\Model->insert([...], false)
 6 APPPATH\Controllers\NhanVienController.php(34): CodeIgniter\BaseModel->save([...])
 7 SYSTEMPATH\CodeIgniter.php(951): App\Controllers\NhanVienController->store()
 8 SYSTEMPATH\CodeIgniter.php(497): CodeIgniter\CodeIgniter->runController(Object(App\Controllers\NhanVienController))
 9 SYSTEMPATH\CodeIgniter.php(340): CodeIgniter\CodeIgniter->handleRequest(null, Object(Config\Cache), false)
10 SYSTEMPATH\Boot.php(417): CodeIgniter\CodeIgniter->run()
11 SYSTEMPATH\Boot.php(68): CodeIgniter\Boot::runCodeIgniter(Object(CodeIgniter\CodeIgniter))
12 FCPATH\index.php(59): CodeIgniter\Boot::bootWeb(Object(Config\Paths))
CRITICAL - 2026-05-26 13:34:33 --> [Caused by] CodeIgniter\Database\Exceptions\DatabaseException: Unknown column 'created_at' in 'field list'
in SYSTEMPATH\Database\MySQLi\Connection.php on line 310.
 1 SYSTEMPATH\Database\BaseConnection.php(910): CodeIgniter\Database\MySQLi\Connection->execute('INSERT INTO `nhan_vien` (`ma_nhan_vien`, `ho_ten`, `gioi_tinh`, `ngay_sinh`, `so_dien_thoai`, `email`, `luong`, `ngay_vao_lam`, `phong_ban_id`, `vai_tro_id`, `trang_thai`, `created_at`, `updated_at`) VALUES (\'\', \'\', \'NAM\', \'\', \'\', \'\', \'\', \'\', \'1\', \'1\', \'ACTIVE\', \'2026-05-26 13:34:33\', \'2026-05-26 13:34:33\')')
 2 SYSTEMPATH\Database\BaseConnection.php(827): CodeIgniter\Database\BaseConnection->simpleQuery('INSERT INTO `nhan_vien` (`ma_nhan_vien`, `ho_ten`, `gioi_tinh`, `ngay_sinh`, `so_dien_thoai`, `email`, `luong`, `ngay_vao_lam`, `phong_ban_id`, `vai_tro_id`, `trang_thai`, `created_at`, `updated_at`) VALUES (\'\', \'\', \'NAM\', \'\', \'\', \'\', \'\', \'\', \'1\', \'1\', \'ACTIVE\', \'2026-05-26 13:34:33\', \'2026-05-26 13:34:33\')')
 3 SYSTEMPATH\Database\BaseBuilder.php(2345): CodeIgniter\Database\BaseConnection->query('INSERT INTO `nhan_vien` (`ma_nhan_vien`, `ho_ten`, `gioi_tinh`, `ngay_sinh`, `so_dien_thoai`, `email`, `luong`, `ngay_vao_lam`, `phong_ban_id`, `vai_tro_id`, `trang_thai`, `created_at`, `updated_at`) VALUES (:ma_nhan_vien:, :ho_ten:, :gioi_tinh:, :ngay_sinh:, :so_dien_thoai:, :email:, :luong:, :ngay_vao_lam:, :phong_ban_id:, :vai_tro_id:, :trang_thai:, :created_at:, :updated_at:)', [...], false)
 4 SYSTEMPATH\Model.php(355): CodeIgniter\Database\BaseBuilder->insert()
 5 SYSTEMPATH\BaseModel.php(899): CodeIgniter\Model->doInsert([...])
 6 SYSTEMPATH\Model.php(668): CodeIgniter\BaseModel->insert([...], false)
 7 SYSTEMPATH\BaseModel.php(752): CodeIgniter\Model->insert([...], false)
 8 APPPATH\Controllers\NhanVienController.php(34): CodeIgniter\BaseModel->save([...])
 9 SYSTEMPATH\CodeIgniter.php(951): App\Controllers\NhanVienController->store()
10 SYSTEMPATH\CodeIgniter.php(497): CodeIgniter\CodeIgniter->runController(Object(App\Controllers\NhanVienController))
11 SYSTEMPATH\CodeIgniter.php(340): CodeIgniter\CodeIgniter->handleRequest(null, Object(Config\Cache), false)
12 SYSTEMPATH\Boot.php(417): CodeIgniter\CodeIgniter->run()
13 SYSTEMPATH\Boot.php(68): CodeIgniter\Boot::runCodeIgniter(Object(CodeIgniter\CodeIgniter))
14 FCPATH\index.php(59): CodeIgniter\Boot::bootWeb(Object(Config\Paths))
CRITICAL - 2026-05-26 13:34:33 --> [Caused by] mysqli_sql_exception: Unknown column 'created_at' in 'field list'
in SYSTEMPATH\Database\MySQLi\Connection.php on line 300.
 1 SYSTEMPATH\Database\MySQLi\Connection.php(300): mysqli->query('INSERT INTO `nhan_vien` (`ma_nhan_vien`, `ho_ten`, `gioi_tinh`, `ngay_sinh`, `so_dien_thoai`, `email`, `luong`, `ngay_vao_lam`, `phong_ban_id`, `vai_tro_id`, `trang_thai`, `created_at`, `updated_at`) VALUES (\'\', \'\', \'NAM\', \'\', \'\', \'\', \'\', \'\', \'1\', \'1\', \'ACTIVE\', \'2026-05-26 13:34:33\', \'2026-05-26 13:34:33\')', 0)
 2 SYSTEMPATH\Database\BaseConnection.php(910): CodeIgniter\Database\MySQLi\Connection->execute('INSERT INTO `nhan_vien` (`ma_nhan_vien`, `ho_ten`, `gioi_tinh`, `ngay_sinh`, `so_dien_thoai`, `email`, `luong`, `ngay_vao_lam`, `phong_ban_id`, `vai_tro_id`, `trang_thai`, `created_at`, `updated_at`) VALUES (\'\', \'\', \'NAM\', \'\', \'\', \'\', \'\', \'\', \'1\', \'1\', \'ACTIVE\', \'2026-05-26 13:34:33\', \'2026-05-26 13:34:33\')')
 3 SYSTEMPATH\Database\BaseConnection.php(827): CodeIgniter\Database\BaseConnection->simpleQuery('INSERT INTO `nhan_vien` (`ma_nhan_vien`, `ho_ten`, `gioi_tinh`, `ngay_sinh`, `so_dien_thoai`, `email`, `luong`, `ngay_vao_lam`, `phong_ban_id`, `vai_tro_id`, `trang_thai`, `created_at`, `updated_at`) VALUES (\'\', \'\', \'NAM\', \'\', \'\', \'\', \'\', \'\', \'1\', \'1\', \'ACTIVE\', \'2026-05-26 13:34:33\', \'2026-05-26 13:34:33\')')
 4 SYSTEMPATH\Database\BaseBuilder.php(2345): CodeIgniter\Database\BaseConnection->query('INSERT INTO `nhan_vien` (`ma_nhan_vien`, `ho_ten`, `gioi_tinh`, `ngay_sinh`, `so_dien_thoai`, `email`, `luong`, `ngay_vao_lam`, `phong_ban_id`, `vai_tro_id`, `trang_thai`, `created_at`, `updated_at`) VALUES (:ma_nhan_vien:, :ho_ten:, :gioi_tinh:, :ngay_sinh:, :so_dien_thoai:, :email:, :luong:, :ngay_vao_lam:, :phong_ban_id:, :vai_tro_id:, :trang_thai:, :created_at:, :updated_at:)', [...], false)
 5 SYSTEMPATH\Model.php(355): CodeIgniter\Database\BaseBuilder->insert()
 6 SYSTEMPATH\BaseModel.php(899): CodeIgniter\Model->doInsert([...])
 7 SYSTEMPATH\Model.php(668): CodeIgniter\BaseModel->insert([...], false)
 8 SYSTEMPATH\BaseModel.php(752): CodeIgniter\Model->insert([...], false)
 9 APPPATH\Controllers\NhanVienController.php(34): CodeIgniter\BaseModel->save([...])
10 SYSTEMPATH\CodeIgniter.php(951): App\Controllers\NhanVienController->store()
11 SYSTEMPATH\CodeIgniter.php(497): CodeIgniter\CodeIgniter->runController(Object(App\Controllers\NhanVienController))
12 SYSTEMPATH\CodeIgniter.php(340): CodeIgniter\CodeIgniter->handleRequest(null, Object(Config\Cache), false)
13 SYSTEMPATH\Boot.php(417): CodeIgniter\CodeIgniter->run()
14 SYSTEMPATH\Boot.php(68): CodeIgniter\Boot::runCodeIgniter(Object(CodeIgniter\CodeIgniter))
15 FCPATH\index.php(59): CodeIgniter\Boot::bootWeb(Object(Config\Paths))
DEBUG - 2026-05-26 13:34:46 --> Session: Class initialized using 'CodeIgniter\Session\Handlers\FileHandler' driver.
DEBUG - 2026-05-26 13:35:10 --> Session: Class initialized using 'CodeIgniter\Session\Handlers\FileHandler' driver.
DEBUG - 2026-05-26 13:36:32 --> Session: Class initialized using 'CodeIgniter\Session\Handlers\FileHandler' driver.
ERROR - 2026-05-26 13:36:32 --> Unknown column 'created_at' in 'field list'
in SYSTEMPATH\Database\MySQLi\Connection.php on line 300.
 1 SYSTEMPATH\Database\MySQLi\Connection.php(300): mysqli->query('INSERT INTO `nhan_vien` (`ma_nhan_vien`, `ho_ten`, `gioi_tinh`, `ngay_sinh`, `so_dien_thoai`, `email`, `luong`, `ngay_vao_lam`, `phong_ban_id`, `vai_tro_id`, `trang_thai`, `created_at`, `updated_at`) VALUES (\'\', \'\', \'NAM\', \'\', \'\', \'\', \'\', \'\', \'1\', \'1\', \'ACTIVE\', \'2026-05-26 13:36:32\', \'2026-05-26 13:36:32\')', 0)
 2 SYSTEMPATH\Database\BaseConnection.php(910): CodeIgniter\Database\MySQLi\Connection->execute('INSERT INTO `nhan_vien` (`ma_nhan_vien`, `ho_ten`, `gioi_tinh`, `ngay_sinh`, `so_dien_thoai`, `email`, `luong`, `ngay_vao_lam`, `phong_ban_id`, `vai_tro_id`, `trang_thai`, `created_at`, `updated_at`) VALUES (\'\', \'\', \'NAM\', \'\', \'\', \'\', \'\', \'\', \'1\', \'1\', \'ACTIVE\', \'2026-05-26 13:36:32\', \'2026-05-26 13:36:32\')')
 3 SYSTEMPATH\Database\BaseConnection.php(827): CodeIgniter\Database\BaseConnection->simpleQuery('INSERT INTO `nhan_vien` (`ma_nhan_vien`, `ho_ten`, `gioi_tinh`, `ngay_sinh`, `so_dien_thoai`, `email`, `luong`, `ngay_vao_lam`, `phong_ban_id`, `vai_tro_id`, `trang_thai`, `created_at`, `updated_at`) VALUES (\'\', \'\', \'NAM\', \'\', \'\', \'\', \'\', \'\', \'1\', \'1\', \'ACTIVE\', \'2026-05-26 13:36:32\', \'2026-05-26 13:36:32\')')
 4 SYSTEMPATH\Database\BaseBuilder.php(2345): CodeIgniter\Database\BaseConnection->query('INSERT INTO `nhan_vien` (`ma_nhan_vien`, `ho_ten`, `gioi_tinh`, `ngay_sinh`, `so_dien_thoai`, `email`, `luong`, `ngay_vao_lam`, `phong_ban_id`, `vai_tro_id`, `trang_thai`, `created_at`, `updated_at`) VALUES (:ma_nhan_vien:, :ho_ten:, :gioi_tinh:, :ngay_sinh:, :so_dien_thoai:, :email:, :luong:, :ngay_vao_lam:, :phong_ban_id:, :vai_tro_id:, :trang_thai:, :created_at:, :updated_at:)', [...], false)
 5 SYSTEMPATH\Model.php(355): CodeIgniter\Database\BaseBuilder->insert()
 6 SYSTEMPATH\BaseModel.php(899): CodeIgniter\Model->doInsert([...])
 7 SYSTEMPATH\Model.php(668): CodeIgniter\BaseModel->insert([...], false)
 8 SYSTEMPATH\BaseModel.php(752): CodeIgniter\Model->insert([...], false)
 9 APPPATH\Controllers\NhanVienController.php(34): CodeIgniter\BaseModel->save([...])
10 SYSTEMPATH\CodeIgniter.php(951): App\Controllers\NhanVienController->store()
11 SYSTEMPATH\CodeIgniter.php(497): CodeIgniter\CodeIgniter->runController(Object(App\Controllers\NhanVienController))
12 SYSTEMPATH\CodeIgniter.php(340): CodeIgniter\CodeIgniter->handleRequest(null, Object(Config\Cache), false)
13 SYSTEMPATH\Boot.php(417): CodeIgniter\CodeIgniter->run()
14 SYSTEMPATH\Boot.php(68): CodeIgniter\Boot::runCodeIgniter(Object(CodeIgniter\CodeIgniter))
15 FCPATH\index.php(59): CodeIgniter\Boot::bootWeb(Object(Config\Paths))
CRITICAL - 2026-05-26 13:36:32 --> CodeIgniter\Database\Exceptions\DatabaseException: Unknown column 'created_at' in 'field list'
[Method: POST, Route: nhan_vien/store]
in SYSTEMPATH\Database\BaseConnection.php on line 865.
 1 SYSTEMPATH\Database\BaseBuilder.php(2345): CodeIgniter\Database\BaseConnection->query('INSERT INTO `nhan_vien` (`ma_nhan_vien`, `ho_ten`, `gioi_tinh`, `ngay_sinh`, `so_dien_thoai`, `email`, `luong`, `ngay_vao_lam`, `phong_ban_id`, `vai_tro_id`, `trang_thai`, `created_at`, `updated_at`) VALUES (:ma_nhan_vien:, :ho_ten:, :gioi_tinh:, :ngay_sinh:, :so_dien_thoai:, :email:, :luong:, :ngay_vao_lam:, :phong_ban_id:, :vai_tro_id:, :trang_thai:, :created_at:, :updated_at:)', [...], false)
 2 SYSTEMPATH\Model.php(355): CodeIgniter\Database\BaseBuilder->insert()
 3 SYSTEMPATH\BaseModel.php(899): CodeIgniter\Model->doInsert([...])
 4 SYSTEMPATH\Model.php(668): CodeIgniter\BaseModel->insert([...], false)
 5 SYSTEMPATH\BaseModel.php(752): CodeIgniter\Model->insert([...], false)
 6 APPPATH\Controllers\NhanVienController.php(34): CodeIgniter\BaseModel->save([...])
 7 SYSTEMPATH\CodeIgniter.php(951): App\Controllers\NhanVienController->store()
 8 SYSTEMPATH\CodeIgniter.php(497): CodeIgniter\CodeIgniter->runController(Object(App\Controllers\NhanVienController))
 9 SYSTEMPATH\CodeIgniter.php(340): CodeIgniter\CodeIgniter->handleRequest(null, Object(Config\Cache), false)
10 SYSTEMPATH\Boot.php(417): CodeIgniter\CodeIgniter->run()
11 SYSTEMPATH\Boot.php(68): CodeIgniter\Boot::runCodeIgniter(Object(CodeIgniter\CodeIgniter))
12 FCPATH\index.php(59): CodeIgniter\Boot::bootWeb(Object(Config\Paths))
CRITICAL - 2026-05-26 13:36:32 --> [Caused by] CodeIgniter\Database\Exceptions\DatabaseException: Unknown column 'created_at' in 'field list'
in SYSTEMPATH\Database\MySQLi\Connection.php on line 310.
 1 SYSTEMPATH\Database\BaseConnection.php(910): CodeIgniter\Database\MySQLi\Connection->execute('INSERT INTO `nhan_vien` (`ma_nhan_vien`, `ho_ten`, `gioi_tinh`, `ngay_sinh`, `so_dien_thoai`, `email`, `luong`, `ngay_vao_lam`, `phong_ban_id`, `vai_tro_id`, `trang_thai`, `created_at`, `updated_at`) VALUES (\'\', \'\', \'NAM\', \'\', \'\', \'\', \'\', \'\', \'1\', \'1\', \'ACTIVE\', \'2026-05-26 13:36:32\', \'2026-05-26 13:36:32\')')
 2 SYSTEMPATH\Database\BaseConnection.php(827): CodeIgniter\Database\BaseConnection->simpleQuery('INSERT INTO `nhan_vien` (`ma_nhan_vien`, `ho_ten`, `gioi_tinh`, `ngay_sinh`, `so_dien_thoai`, `email`, `luong`, `ngay_vao_lam`, `phong_ban_id`, `vai_tro_id`, `trang_thai`, `created_at`, `updated_at`) VALUES (\'\', \'\', \'NAM\', \'\', \'\', \'\', \'\', \'\', \'1\', \'1\', \'ACTIVE\', \'2026-05-26 13:36:32\', \'2026-05-26 13:36:32\')')
 3 SYSTEMPATH\Database\BaseBuilder.php(2345): CodeIgniter\Database\BaseConnection->query('INSERT INTO `nhan_vien` (`ma_nhan_vien`, `ho_ten`, `gioi_tinh`, `ngay_sinh`, `so_dien_thoai`, `email`, `luong`, `ngay_vao_lam`, `phong_ban_id`, `vai_tro_id`, `trang_thai`, `created_at`, `updated_at`) VALUES (:ma_nhan_vien:, :ho_ten:, :gioi_tinh:, :ngay_sinh:, :so_dien_thoai:, :email:, :luong:, :ngay_vao_lam:, :phong_ban_id:, :vai_tro_id:, :trang_thai:, :created_at:, :updated_at:)', [...], false)
 4 SYSTEMPATH\Model.php(355): CodeIgniter\Database\BaseBuilder->insert()
 5 SYSTEMPATH\BaseModel.php(899): CodeIgniter\Model->doInsert([...])
 6 SYSTEMPATH\Model.php(668): CodeIgniter\BaseModel->insert([...], false)
 7 SYSTEMPATH\BaseModel.php(752): CodeIgniter\Model->insert([...], false)
 8 APPPATH\Controllers\NhanVienController.php(34): CodeIgniter\BaseModel->save([...])
 9 SYSTEMPATH\CodeIgniter.php(951): App\Controllers\NhanVienController->store()
10 SYSTEMPATH\CodeIgniter.php(497): CodeIgniter\CodeIgniter->runController(Object(App\Controllers\NhanVienController))
11 SYSTEMPATH\CodeIgniter.php(340): CodeIgniter\CodeIgniter->handleRequest(null, Object(Config\Cache), false)
12 SYSTEMPATH\Boot.php(417): CodeIgniter\CodeIgniter->run()
13 SYSTEMPATH\Boot.php(68): CodeIgniter\Boot::runCodeIgniter(Object(CodeIgniter\CodeIgniter))
14 FCPATH\index.php(59): CodeIgniter\Boot::bootWeb(Object(Config\Paths))
CRITICAL - 2026-05-26 13:36:32 --> [Caused by] mysqli_sql_exception: Unknown column 'created_at' in 'field list'
in SYSTEMPATH\Database\MySQLi\Connection.php on line 300.
 1 SYSTEMPATH\Database\MySQLi\Connection.php(300): mysqli->query('INSERT INTO `nhan_vien` (`ma_nhan_vien`, `ho_ten`, `gioi_tinh`, `ngay_sinh`, `so_dien_thoai`, `email`, `luong`, `ngay_vao_lam`, `phong_ban_id`, `vai_tro_id`, `trang_thai`, `created_at`, `updated_at`) VALUES (\'\', \'\', \'NAM\', \'\', \'\', \'\', \'\', \'\', \'1\', \'1\', \'ACTIVE\', \'2026-05-26 13:36:32\', \'2026-05-26 13:36:32\')', 0)
 2 SYSTEMPATH\Database\BaseConnection.php(910): CodeIgniter\Database\MySQLi\Connection->execute('INSERT INTO `nhan_vien` (`ma_nhan_vien`, `ho_ten`, `gioi_tinh`, `ngay_sinh`, `so_dien_thoai`, `email`, `luong`, `ngay_vao_lam`, `phong_ban_id`, `vai_tro_id`, `trang_thai`, `created_at`, `updated_at`) VALUES (\'\', \'\', \'NAM\', \'\', \'\', \'\', \'\', \'\', \'1\', \'1\', \'ACTIVE\', \'2026-05-26 13:36:32\', \'2026-05-26 13:36:32\')')
 3 SYSTEMPATH\Database\BaseConnection.php(827): CodeIgniter\Database\BaseConnection->simpleQuery('INSERT INTO `nhan_vien` (`ma_nhan_vien`, `ho_ten`, `gioi_tinh`, `ngay_sinh`, `so_dien_thoai`, `email`, `luong`, `ngay_vao_lam`, `phong_ban_id`, `vai_tro_id`, `trang_thai`, `created_at`, `updated_at`) VALUES (\'\', \'\', \'NAM\', \'\', \'\', \'\', \'\', \'\', \'1\', \'1\', \'ACTIVE\', \'2026-05-26 13:36:32\', \'2026-05-26 13:36:32\')')
 4 SYSTEMPATH\Database\BaseBuilder.php(2345): CodeIgniter\Database\BaseConnection->query('INSERT INTO `nhan_vien` (`ma_nhan_vien`, `ho_ten`, `gioi_tinh`, `ngay_sinh`, `so_dien_thoai`, `email`, `luong`, `ngay_vao_lam`, `phong_ban_id`, `vai_tro_id`, `trang_thai`, `created_at`, `updated_at`) VALUES (:ma_nhan_vien:, :ho_ten:, :gioi_tinh:, :ngay_sinh:, :so_dien_thoai:, :email:, :luong:, :ngay_vao_lam:, :phong_ban_id:, :vai_tro_id:, :trang_thai:, :created_at:, :updated_at:)', [...], false)
 5 SYSTEMPATH\Model.php(355): CodeIgniter\Database\BaseBuilder->insert()
 6 SYSTEMPATH\BaseModel.php(899): CodeIgniter\Model->doInsert([...])
 7 SYSTEMPATH\Model.php(668): CodeIgniter\BaseModel->insert([...], false)
 8 SYSTEMPATH\BaseModel.php(752): CodeIgniter\Model->insert([...], false)
 9 APPPATH\Controllers\NhanVienController.php(34): CodeIgniter\BaseModel->save([...])
10 SYSTEMPATH\CodeIgniter.php(951): App\Controllers\NhanVienController->store()
11 SYSTEMPATH\CodeIgniter.php(497): CodeIgniter\CodeIgniter->runController(Object(App\Controllers\NhanVienController))
12 SYSTEMPATH\CodeIgniter.php(340): CodeIgniter\CodeIgniter->handleRequest(null, Object(Config\Cache), false)
13 SYSTEMPATH\Boot.php(417): CodeIgniter\CodeIgniter->run()
14 SYSTEMPATH\Boot.php(68): CodeIgniter\Boot::runCodeIgniter(Object(CodeIgniter\CodeIgniter))
15 FCPATH\index.php(59): CodeIgniter\Boot::bootWeb(Object(Config\Paths))
DEBUG - 2026-05-26 13:36:42 --> Session: Class initialized using 'CodeIgniter\Session\Handlers\FileHandler' driver.
DEBUG - 2026-05-26 13:37:33 --> Session: Class initialized using 'CodeIgniter\Session\Handlers\FileHandler' driver.
DEBUG - 2026-05-26 13:38:02 --> Session: Class initialized using 'CodeIgniter\Session\Handlers\FileHandler' driver.
DEBUG - 2026-05-26 13:38:04 --> Session: Class initialized using 'CodeIgniter\Session\Handlers\FileHandler' driver.
DEBUG - 2026-05-26 13:38:09 --> Session: Class initialized using 'CodeIgniter\Session\Handlers\FileHandler' driver.
DEBUG - 2026-05-26 13:39:19 --> Session: Class initialized using 'CodeIgniter\Session\Handlers\FileHandler' driver.
DEBUG - 2026-05-26 13:39:23 --> Session: Class initialized using 'CodeIgniter\Session\Handlers\FileHandler' driver.
DEBUG - 2026-05-26 13:39:42 --> Session: Class initialized using 'CodeIgniter\Session\Handlers\FileHandler' driver.
DEBUG - 2026-05-26 13:39:57 --> Session: Class initialized using 'CodeIgniter\Session\Handlers\FileHandler' driver.
DEBUG - 2026-05-26 13:39:58 --> Session: Class initialized using 'CodeIgniter\Session\Handlers\FileHandler' driver.
DEBUG - 2026-05-26 13:40:50 --> Session: Class initialized using 'CodeIgniter\Session\Handlers\FileHandler' driver.
DEBUG - 2026-05-26 13:43:15 --> Session: Class initialized using 'CodeIgniter\Session\Handlers\FileHandler' driver.
DEBUG - 2026-05-26 13:43:24 --> Session: Class initialized using 'CodeIgniter\Session\Handlers\FileHandler' driver.
DEBUG - 2026-05-26 13:43:29 --> Session: Class initialized using 'CodeIgniter\Session\Handlers\FileHandler' driver.
DEBUG - 2026-05-26 13:43:41 --> Session: Class initialized using 'CodeIgniter\Session\Handlers\FileHandler' driver.
DEBUG - 2026-05-26 13:43:49 --> Session: Class initialized using 'CodeIgniter\Session\Handlers\FileHandler' driver.
DEBUG - 2026-05-26 13:43:53 --> Session: Class initialized using 'CodeIgniter\Session\Handlers\FileHandler' driver.
DEBUG - 2026-05-26 13:43:53 --> Session: Class initialized using 'CodeIgniter\Session\Handlers\FileHandler' driver.
DEBUG - 2026-05-26 13:44:00 --> Session: Class initialized using 'CodeIgniter\Session\Handlers\FileHandler' driver.
DEBUG - 2026-05-26 13:44:16 --> Session: Class initialized using 'CodeIgniter\Session\Handlers\FileHandler' driver.
DEBUG - 2026-05-26 13:44:18 --> Session: Class initialized using 'CodeIgniter\Session\Handlers\FileHandler' driver.
DEBUG - 2026-05-26 13:44:26 --> Session: Class initialized using 'CodeIgniter\Session\Handlers\FileHandler' driver.
DEBUG - 2026-05-26 13:44:26 --> Session: Class initialized using 'CodeIgniter\Session\Handlers\FileHandler' driver.
DEBUG - 2026-05-26 13:44:29 --> Session: Class initialized using 'CodeIgniter\Session\Handlers\FileHandler' driver.
DEBUG - 2026-05-26 13:45:54 --> Session: Class initialized using 'CodeIgniter\Session\Handlers\FileHandler' driver.
DEBUG - 2026-05-26 13:46:01 --> Session: Class initialized using 'CodeIgniter\Session\Handlers\FileHandler' driver.
DEBUG - 2026-05-26 13:46:01 --> Session: Class initialized using 'CodeIgniter\Session\Handlers\FileHandler' driver.
DEBUG - 2026-05-26 13:46:07 --> Session: Class initialized using 'CodeIgniter\Session\Handlers\FileHandler' driver.
DEBUG - 2026-05-26 13:46:36 --> Session: Class initialized using 'CodeIgniter\Session\Handlers\FileHandler' driver.
DEBUG - 2026-05-26 13:48:44 --> Session: Class initialized using 'CodeIgniter\Session\Handlers\FileHandler' driver.
ERROR - 2026-05-26 13:48:44 --> Unknown column 'created_at' in 'field list'
in SYSTEMPATH\Database\MySQLi\Connection.php on line 300.
 1 SYSTEMPATH\Database\MySQLi\Connection.php(300): mysqli->query('INSERT INTO `nhan_vien` (`ma_nhan_vien`, `ho_ten`, `gioi_tinh`, `ngay_sinh`, `so_dien_thoai`, `email`, `luong`, `ngay_vao_lam`, `phong_ban_id`, `vai_tro_id`, `trang_thai`, `created_at`, `updated_at`) VALUES (\'\', \'Nhanvien\', \'NAM\', \'2000-01-01\', \'0912345678\', \'a@gmail.com\', \'10000000\', \'2026-01-01\', \'8\', \'4\', \'ACTIVE\', \'2026-05-26 13:48:44\', \'2026-05-26 13:48:44\')', 0)
 2 SYSTEMPATH\Database\BaseConnection.php(910): CodeIgniter\Database\MySQLi\Connection->execute('INSERT INTO `nhan_vien` (`ma_nhan_vien`, `ho_ten`, `gioi_tinh`, `ngay_sinh`, `so_dien_thoai`, `email`, `luong`, `ngay_vao_lam`, `phong_ban_id`, `vai_tro_id`, `trang_thai`, `created_at`, `updated_at`) VALUES (\'\', \'Nhanvien\', \'NAM\', \'2000-01-01\', \'0912345678\', \'a@gmail.com\', \'10000000\', \'2026-01-01\', \'8\', \'4\', \'ACTIVE\', \'2026-05-26 13:48:44\', \'2026-05-26 13:48:44\')')
 3 SYSTEMPATH\Database\BaseConnection.php(827): CodeIgniter\Database\BaseConnection->simpleQuery('INSERT INTO `nhan_vien` (`ma_nhan_vien`, `ho_ten`, `gioi_tinh`, `ngay_sinh`, `so_dien_thoai`, `email`, `luong`, `ngay_vao_lam`, `phong_ban_id`, `vai_tro_id`, `trang_thai`, `created_at`, `updated_at`) VALUES (\'\', \'Nhanvien\', \'NAM\', \'2000-01-01\', \'0912345678\', \'a@gmail.com\', \'10000000\', \'2026-01-01\', \'8\', \'4\', \'ACTIVE\', \'2026-05-26 13:48:44\', \'2026-05-26 13:48:44\')')
 4 SYSTEMPATH\Database\BaseBuilder.php(2345): CodeIgniter\Database\BaseConnection->query('INSERT INTO `nhan_vien` (`ma_nhan_vien`, `ho_ten`, `gioi_tinh`, `ngay_sinh`, `so_dien_thoai`, `email`, `luong`, `ngay_vao_lam`, `phong_ban_id`, `vai_tro_id`, `trang_thai`, `created_at`, `updated_at`) VALUES (:ma_nhan_vien:, :ho_ten:, :gioi_tinh:, :ngay_sinh:, :so_dien_thoai:, :email:, :luong:, :ngay_vao_lam:, :phong_ban_id:, :vai_tro_id:, :trang_thai:, :created_at:, :updated_at:)', [...], false)
 5 SYSTEMPATH\Model.php(355): CodeIgniter\Database\BaseBuilder->insert()
 6 SYSTEMPATH\BaseModel.php(899): CodeIgniter\Model->doInsert([...])
 7 SYSTEMPATH\Model.php(668): CodeIgniter\BaseModel->insert([...], false)
 8 SYSTEMPATH\BaseModel.php(752): CodeIgniter\Model->insert([...], false)
 9 APPPATH\Controllers\NhanVienController.php(34): CodeIgniter\BaseModel->save([...])
10 SYSTEMPATH\CodeIgniter.php(951): App\Controllers\NhanVienController->store()
11 SYSTEMPATH\CodeIgniter.php(497): CodeIgniter\CodeIgniter->runController(Object(App\Controllers\NhanVienController))
12 SYSTEMPATH\CodeIgniter.php(340): CodeIgniter\CodeIgniter->handleRequest(null, Object(Config\Cache), false)
13 SYSTEMPATH\Boot.php(417): CodeIgniter\CodeIgniter->run()
14 SYSTEMPATH\Boot.php(68): CodeIgniter\Boot::runCodeIgniter(Object(CodeIgniter\CodeIgniter))
15 FCPATH\index.php(59): CodeIgniter\Boot::bootWeb(Object(Config\Paths))
CRITICAL - 2026-05-26 13:48:44 --> CodeIgniter\Database\Exceptions\DatabaseException: Unknown column 'created_at' in 'field list'
[Method: POST, Route: nhan_vien/store]
in SYSTEMPATH\Database\BaseConnection.php on line 865.
 1 SYSTEMPATH\Database\BaseBuilder.php(2345): CodeIgniter\Database\BaseConnection->query('INSERT INTO `nhan_vien` (`ma_nhan_vien`, `ho_ten`, `gioi_tinh`, `ngay_sinh`, `so_dien_thoai`, `email`, `luong`, `ngay_vao_lam`, `phong_ban_id`, `vai_tro_id`, `trang_thai`, `created_at`, `updated_at`) VALUES (:ma_nhan_vien:, :ho_ten:, :gioi_tinh:, :ngay_sinh:, :so_dien_thoai:, :email:, :luong:, :ngay_vao_lam:, :phong_ban_id:, :vai_tro_id:, :trang_thai:, :created_at:, :updated_at:)', [...], false)
 2 SYSTEMPATH\Model.php(355): CodeIgniter\Database\BaseBuilder->insert()
 3 SYSTEMPATH\BaseModel.php(899): CodeIgniter\Model->doInsert([...])
 4 SYSTEMPATH\Model.php(668): CodeIgniter\BaseModel->insert([...], false)
 5 SYSTEMPATH\BaseModel.php(752): CodeIgniter\Model->insert([...], false)
 6 APPPATH\Controllers\NhanVienController.php(34): CodeIgniter\BaseModel->save([...])
 7 SYSTEMPATH\CodeIgniter.php(951): App\Controllers\NhanVienController->store()
 8 SYSTEMPATH\CodeIgniter.php(497): CodeIgniter\CodeIgniter->runController(Object(App\Controllers\NhanVienController))
 9 SYSTEMPATH\CodeIgniter.php(340): CodeIgniter\CodeIgniter->handleRequest(null, Object(Config\Cache), false)
10 SYSTEMPATH\Boot.php(417): CodeIgniter\CodeIgniter->run()
11 SYSTEMPATH\Boot.php(68): CodeIgniter\Boot::runCodeIgniter(Object(CodeIgniter\CodeIgniter))
12 FCPATH\index.php(59): CodeIgniter\Boot::bootWeb(Object(Config\Paths))
CRITICAL - 2026-05-26 13:48:44 --> [Caused by] CodeIgniter\Database\Exceptions\DatabaseException: Unknown column 'created_at' in 'field list'
in SYSTEMPATH\Database\MySQLi\Connection.php on line 310.
 1 SYSTEMPATH\Database\BaseConnection.php(910): CodeIgniter\Database\MySQLi\Connection->execute('INSERT INTO `nhan_vien` (`ma_nhan_vien`, `ho_ten`, `gioi_tinh`, `ngay_sinh`, `so_dien_thoai`, `email`, `luong`, `ngay_vao_lam`, `phong_ban_id`, `vai_tro_id`, `trang_thai`, `created_at`, `updated_at`) VALUES (\'\', \'Nhanvien\', \'NAM\', \'2000-01-01\', \'0912345678\', \'a@gmail.com\', \'10000000\', \'2026-01-01\', \'8\', \'4\', \'ACTIVE\', \'2026-05-26 13:48:44\', \'2026-05-26 13:48:44\')')
 2 SYSTEMPATH\Database\BaseConnection.php(827): CodeIgniter\Database\BaseConnection->simpleQuery('INSERT INTO `nhan_vien` (`ma_nhan_vien`, `ho_ten`, `gioi_tinh`, `ngay_sinh`, `so_dien_thoai`, `email`, `luong`, `ngay_vao_lam`, `phong_ban_id`, `vai_tro_id`, `trang_thai`, `created_at`, `updated_at`) VALUES (\'\', \'Nhanvien\', \'NAM\', \'2000-01-01\', \'0912345678\', \'a@gmail.com\', \'10000000\', \'2026-01-01\', \'8\', \'4\', \'ACTIVE\', \'2026-05-26 13:48:44\', \'2026-05-26 13:48:44\')')
 3 SYSTEMPATH\Database\BaseBuilder.php(2345): CodeIgniter\Database\BaseConnection->query('INSERT INTO `nhan_vien` (`ma_nhan_vien`, `ho_ten`, `gioi_tinh`, `ngay_sinh`, `so_dien_thoai`, `email`, `luong`, `ngay_vao_lam`, `phong_ban_id`, `vai_tro_id`, `trang_thai`, `created_at`, `updated_at`) VALUES (:ma_nhan_vien:, :ho_ten:, :gioi_tinh:, :ngay_sinh:, :so_dien_thoai:, :email:, :luong:, :ngay_vao_lam:, :phong_ban_id:, :vai_tro_id:, :trang_thai:, :created_at:, :updated_at:)', [...], false)
 4 SYSTEMPATH\Model.php(355): CodeIgniter\Database\BaseBuilder->insert()
 5 SYSTEMPATH\BaseModel.php(899): CodeIgniter\Model->doInsert([...])
 6 SYSTEMPATH\Model.php(668): CodeIgniter\BaseModel->insert([...], false)
 7 SYSTEMPATH\BaseModel.php(752): CodeIgniter\Model->insert([...], false)
 8 APPPATH\Controllers\NhanVienController.php(34): CodeIgniter\BaseModel->save([...])
 9 SYSTEMPATH\CodeIgniter.php(951): App\Controllers\NhanVienController->store()
10 SYSTEMPATH\CodeIgniter.php(497): CodeIgniter\CodeIgniter->runController(Object(App\Controllers\NhanVienController))
11 SYSTEMPATH\CodeIgniter.php(340): CodeIgniter\CodeIgniter->handleRequest(null, Object(Config\Cache), false)
12 SYSTEMPATH\Boot.php(417): CodeIgniter\CodeIgniter->run()
13 SYSTEMPATH\Boot.php(68): CodeIgniter\Boot::runCodeIgniter(Object(CodeIgniter\CodeIgniter))
14 FCPATH\index.php(59): CodeIgniter\Boot::bootWeb(Object(Config\Paths))
CRITICAL - 2026-05-26 13:48:44 --> [Caused by] mysqli_sql_exception: Unknown column 'created_at' in 'field list'
in SYSTEMPATH\Database\MySQLi\Connection.php on line 300.
 1 SYSTEMPATH\Database\MySQLi\Connection.php(300): mysqli->query('INSERT INTO `nhan_vien` (`ma_nhan_vien`, `ho_ten`, `gioi_tinh`, `ngay_sinh`, `so_dien_thoai`, `email`, `luong`, `ngay_vao_lam`, `phong_ban_id`, `vai_tro_id`, `trang_thai`, `created_at`, `updated_at`) VALUES (\'\', \'Nhanvien\', \'NAM\', \'2000-01-01\', \'0912345678\', \'a@gmail.com\', \'10000000\', \'2026-01-01\', \'8\', \'4\', \'ACTIVE\', \'2026-05-26 13:48:44\', \'2026-05-26 13:48:44\')', 0)
 2 SYSTEMPATH\Database\BaseConnection.php(910): CodeIgniter\Database\MySQLi\Connection->execute('INSERT INTO `nhan_vien` (`ma_nhan_vien`, `ho_ten`, `gioi_tinh`, `ngay_sinh`, `so_dien_thoai`, `email`, `luong`, `ngay_vao_lam`, `phong_ban_id`, `vai_tro_id`, `trang_thai`, `created_at`, `updated_at`) VALUES (\'\', \'Nhanvien\', \'NAM\', \'2000-01-01\', \'0912345678\', \'a@gmail.com\', \'10000000\', \'2026-01-01\', \'8\', \'4\', \'ACTIVE\', \'2026-05-26 13:48:44\', \'2026-05-26 13:48:44\')')
 3 SYSTEMPATH\Database\BaseConnection.php(827): CodeIgniter\Database\BaseConnection->simpleQuery('INSERT INTO `nhan_vien` (`ma_nhan_vien`, `ho_ten`, `gioi_tinh`, `ngay_sinh`, `so_dien_thoai`, `email`, `luong`, `ngay_vao_lam`, `phong_ban_id`, `vai_tro_id`, `trang_thai`, `created_at`, `updated_at`) VALUES (\'\', \'Nhanvien\', \'NAM\', \'2000-01-01\', \'0912345678\', \'a@gmail.com\', \'10000000\', \'2026-01-01\', \'8\', \'4\', \'ACTIVE\', \'2026-05-26 13:48:44\', \'2026-05-26 13:48:44\')')
 4 SYSTEMPATH\Database\BaseBuilder.php(2345): CodeIgniter\Database\BaseConnection->query('INSERT INTO `nhan_vien` (`ma_nhan_vien`, `ho_ten`, `gioi_tinh`, `ngay_sinh`, `so_dien_thoai`, `email`, `luong`, `ngay_vao_lam`, `phong_ban_id`, `vai_tro_id`, `trang_thai`, `created_at`, `updated_at`) VALUES (:ma_nhan_vien:, :ho_ten:, :gioi_tinh:, :ngay_sinh:, :so_dien_thoai:, :email:, :luong:, :ngay_vao_lam:, :phong_ban_id:, :vai_tro_id:, :trang_thai:, :created_at:, :updated_at:)', [...], false)
 5 SYSTEMPATH\Model.php(355): CodeIgniter\Database\BaseBuilder->insert()
 6 SYSTEMPATH\BaseModel.php(899): CodeIgniter\Model->doInsert([...])
 7 SYSTEMPATH\Model.php(668): CodeIgniter\BaseModel->insert([...], false)
 8 SYSTEMPATH\BaseModel.php(752): CodeIgniter\Model->insert([...], false)
 9 APPPATH\Controllers\NhanVienController.php(34): CodeIgniter\BaseModel->save([...])
10 SYSTEMPATH\CodeIgniter.php(951): App\Controllers\NhanVienController->store()
11 SYSTEMPATH\CodeIgniter.php(497): CodeIgniter\CodeIgniter->runController(Object(App\Controllers\NhanVienController))
12 SYSTEMPATH\CodeIgniter.php(340): CodeIgniter\CodeIgniter->handleRequest(null, Object(Config\Cache), false)
13 SYSTEMPATH\Boot.php(417): CodeIgniter\CodeIgniter->run()
14 SYSTEMPATH\Boot.php(68): CodeIgniter\Boot::runCodeIgniter(Object(CodeIgniter\CodeIgniter))
15 FCPATH\index.php(59): CodeIgniter\Boot::bootWeb(Object(Config\Paths))
DEBUG - 2026-05-26 13:50:25 --> Session: Class initialized using 'CodeIgniter\Session\Handlers\FileHandler' driver.
DEBUG - 2026-05-26 13:50:27 --> Session: Class initialized using 'CodeIgniter\Session\Handlers\FileHandler' driver.
DEBUG - 2026-05-26 13:51:26 --> Session: Class initialized using 'CodeIgniter\Session\Handlers\FileHandler' driver.
DEBUG - 2026-05-26 13:52:32 --> Session: Class initialized using 'CodeIgniter\Session\Handlers\FileHandler' driver.
DEBUG - 2026-05-26 13:52:45 --> Session: Class initialized using 'CodeIgniter\Session\Handlers\FileHandler' driver.
DEBUG - 2026-05-26 13:53:11 --> Session: Class initialized using 'CodeIgniter\Session\Handlers\FileHandler' driver.
DEBUG - 2026-05-26 13:53:16 --> Session: Class initialized using 'CodeIgniter\Session\Handlers\FileHandler' driver.
DEBUG - 2026-05-26 13:53:19 --> Session: Class initialized using 'CodeIgniter\Session\Handlers\FileHandler' driver.
DEBUG - 2026-05-26 13:53:23 --> Session: Class initialized using 'CodeIgniter\Session\Handlers\FileHandler' driver.
DEBUG - 2026-05-26 13:53:30 --> Session: Class initialized using 'CodeIgniter\Session\Handlers\FileHandler' driver.
DEBUG - 2026-05-26 13:53:38 --> Session: Class initialized using 'CodeIgniter\Session\Handlers\FileHandler' driver.
DEBUG - 2026-05-26 13:53:41 --> Session: Class initialized using 'CodeIgniter\Session\Handlers\FileHandler' driver.
DEBUG - 2026-05-26 13:53:50 --> Session: Class initialized using 'CodeIgniter\Session\Handlers\FileHandler' driver.
DEBUG - 2026-05-26 13:53:54 --> Session: Class initialized using 'CodeIgniter\Session\Handlers\FileHandler' driver.
DEBUG - 2026-05-26 13:53:56 --> Session: Class initialized using 'CodeIgniter\Session\Handlers\FileHandler' driver.
DEBUG - 2026-05-26 13:54:21 --> Session: Class initialized using 'CodeIgniter\Session\Handlers\FileHandler' driver.
DEBUG - 2026-05-26 13:54:34 --> Session: Class initialized using 'CodeIgniter\Session\Handlers\FileHandler' driver.
DEBUG - 2026-05-26 13:54:37 --> Session: Class initialized using 'CodeIgniter\Session\Handlers\FileHandler' driver.
DEBUG - 2026-05-26 13:54:43 --> Session: Class initialized using 'CodeIgniter\Session\Handlers\FileHandler' driver.
DEBUG - 2026-05-26 13:54:50 --> Session: Class initialized using 'CodeIgniter\Session\Handlers\FileHandler' driver.
DEBUG - 2026-05-26 13:54:54 --> Session: Class initialized using 'CodeIgniter\Session\Handlers\FileHandler' driver.
DEBUG - 2026-05-26 13:54:56 --> Session: Class initialized using 'CodeIgniter\Session\Handlers\FileHandler' driver.
DEBUG - 2026-05-26 13:55:08 --> Session: Class initialized using 'CodeIgniter\Session\Handlers\FileHandler' driver.
DEBUG - 2026-05-26 13:55:20 --> Session: Class initialized using 'CodeIgniter\Session\Handlers\FileHandler' driver.
DEBUG - 2026-05-26 13:55:22 --> Session: Class initialized using 'CodeIgniter\Session\Handlers\FileHandler' driver.
DEBUG - 2026-05-26 13:55:23 --> Session: Class initialized using 'CodeIgniter\Session\Handlers\FileHandler' driver.
DEBUG - 2026-05-26 13:55:26 --> Session: Class initialized using 'CodeIgniter\Session\Handlers\FileHandler' driver.
DEBUG - 2026-05-26 13:55:27 --> Session: Class initialized using 'CodeIgniter\Session\Handlers\FileHandler' driver.
DEBUG - 2026-05-26 13:55:32 --> Session: Class initialized using 'CodeIgniter\Session\Handlers\FileHandler' driver.
DEBUG - 2026-05-26 13:56:40 --> Session: Class initialized using 'CodeIgniter\Session\Handlers\FileHandler' driver.
DEBUG - 2026-05-26 13:56:43 --> Session: Class initialized using 'CodeIgniter\Session\Handlers\FileHandler' driver.
DEBUG - 2026-05-26 13:56:44 --> Session: Class initialized using 'CodeIgniter\Session\Handlers\FileHandler' driver.
DEBUG - 2026-05-26 13:56:45 --> Session: Class initialized using 'CodeIgniter\Session\Handlers\FileHandler' driver.
DEBUG - 2026-05-26 13:56:52 --> Session: Class initialized using 'CodeIgniter\Session\Handlers\FileHandler' driver.
DEBUG - 2026-05-26 14:00:22 --> Session: Class initialized using 'CodeIgniter\Session\Handlers\FileHandler' driver.
DEBUG - 2026-05-26 14:00:23 --> Session: Class initialized using 'CodeIgniter\Session\Handlers\FileHandler' driver.
DEBUG - 2026-05-26 14:00:25 --> Session: Class initialized using 'CodeIgniter\Session\Handlers\FileHandler' driver.
DEBUG - 2026-05-26 14:00:29 --> Session: Class initialized using 'CodeIgniter\Session\Handlers\FileHandler' driver.
DEBUG - 2026-05-26 14:36:52 --> Session: Class initialized using 'CodeIgniter\Session\Handlers\FileHandler' driver.
DEBUG - 2026-05-26 14:37:49 --> Session: Class initialized using 'CodeIgniter\Session\Handlers\FileHandler' driver.
DEBUG - 2026-05-26 14:38:08 --> Session: Class initialized using 'CodeIgniter\Session\Handlers\FileHandler' driver.
DEBUG - 2026-05-26 14:40:59 --> Session: Class initialized using 'CodeIgniter\Session\Handlers\FileHandler' driver.
DEBUG - 2026-05-26 14:41:00 --> Session: Class initialized using 'CodeIgniter\Session\Handlers\FileHandler' driver.
DEBUG - 2026-05-26 14:41:01 --> Session: Class initialized using 'CodeIgniter\Session\Handlers\FileHandler' driver.
DEBUG - 2026-05-26 14:41:02 --> Session: Class initialized using 'CodeIgniter\Session\Handlers\FileHandler' driver.
DEBUG - 2026-05-26 14:41:02 --> Session: Class initialized using 'CodeIgniter\Session\Handlers\FileHandler' driver.
DEBUG - 2026-05-26 14:41:03 --> Session: Class initialized using 'CodeIgniter\Session\Handlers\FileHandler' driver.
DEBUG - 2026-05-26 14:41:04 --> Session: Class initialized using 'CodeIgniter\Session\Handlers\FileHandler' driver.
DEBUG - 2026-05-26 14:41:06 --> Session: Class initialized using 'CodeIgniter\Session\Handlers\FileHandler' driver.
DEBUG - 2026-05-26 14:41:07 --> Session: Class initialized using 'CodeIgniter\Session\Handlers\FileHandler' driver.
DEBUG - 2026-05-26 14:42:08 --> Session: Class initialized using 'CodeIgniter\Session\Handlers\FileHandler' driver.
DEBUG - 2026-05-26 14:42:10 --> Session: Class initialized using 'CodeIgniter\Session\Handlers\FileHandler' driver.
DEBUG - 2026-05-26 14:42:15 --> Session: Class initialized using 'CodeIgniter\Session\Handlers\FileHandler' driver.
DEBUG - 2026-05-26 14:43:04 --> Session: Class initialized using 'CodeIgniter\Session\Handlers\FileHandler' driver.
DEBUG - 2026-05-26 14:43:05 --> Session: Class initialized using 'CodeIgniter\Session\Handlers\FileHandler' driver.
CRITICAL - 2026-05-26 14:43:05 --> CodeIgniter\View\Exceptions\ViewException: Invalid file: "bangluong/detail.php"
[Method: GET, Route: bang_luong/detail/2]
in SYSTEMPATH\Exceptions\FrameworkException.php on line 39.
 1 SYSTEMPATH\View\View.php(228): CodeIgniter\Exceptions\FrameworkException::forInvalidFile('bangluong/detail.php')
 2 SYSTEMPATH\Common.php(1250): CodeIgniter\View\View->render('bangluong/detail', [], true)
 3 APPPATH\Controllers\BangLuongController.php(130): view('bangluong/detail', [...])
 4 SYSTEMPATH\CodeIgniter.php(951): App\Controllers\BangLuongController->detail('2')
 5 SYSTEMPATH\CodeIgniter.php(497): CodeIgniter\CodeIgniter->runController(Object(App\Controllers\BangLuongController))
 6 SYSTEMPATH\CodeIgniter.php(340): CodeIgniter\CodeIgniter->handleRequest(null, Object(Config\Cache), false)
 7 SYSTEMPATH\Boot.php(417): CodeIgniter\CodeIgniter->run()
 8 SYSTEMPATH\Boot.php(68): CodeIgniter\Boot::runCodeIgniter(Object(CodeIgniter\CodeIgniter))
 9 FCPATH\index.php(59): CodeIgniter\Boot::bootWeb(Object(Config\Paths))
DEBUG - 2026-05-26 14:43:19 --> Session: Class initialized using 'CodeIgniter\Session\Handlers\FileHandler' driver.
CRITICAL - 2026-05-26 14:43:19 --> CodeIgniter\View\Exceptions\ViewException: Invalid file: "bangluong/edit.php"
[Method: GET, Route: bang_luong/edit/2]
in SYSTEMPATH\Exceptions\FrameworkException.php on line 39.
 1 SYSTEMPATH\View\View.php(228): CodeIgniter\Exceptions\FrameworkException::forInvalidFile('bangluong/edit.php')
 2 SYSTEMPATH\Common.php(1250): CodeIgniter\View\View->render('bangluong/edit', [], true)
 3 APPPATH\Controllers\BangLuongController.php(69): view('bangluong/edit', [...])
 4 SYSTEMPATH\CodeIgniter.php(951): App\Controllers\BangLuongController->edit('2')
 5 SYSTEMPATH\CodeIgniter.php(497): CodeIgniter\CodeIgniter->runController(Object(App\Controllers\BangLuongController))
 6 SYSTEMPATH\CodeIgniter.php(340): CodeIgniter\CodeIgniter->handleRequest(null, Object(Config\Cache), false)
 7 SYSTEMPATH\Boot.php(417): CodeIgniter\CodeIgniter->run()
 8 SYSTEMPATH\Boot.php(68): CodeIgniter\Boot::runCodeIgniter(Object(CodeIgniter\CodeIgniter))
 9 FCPATH\index.php(59): CodeIgniter\Boot::bootWeb(Object(Config\Paths))
DEBUG - 2026-05-26 14:43:43 --> Session: Class initialized using 'CodeIgniter\Session\Handlers\FileHandler' driver.
DEBUG - 2026-05-26 14:43:44 --> Session: Class initialized using 'CodeIgniter\Session\Handlers\FileHandler' driver.
DEBUG - 2026-05-26 14:43:44 --> Session: Class initialized using 'CodeIgniter\Session\Handlers\FileHandler' driver.
DEBUG - 2026-05-26 14:44:17 --> Session: Class initialized using 'CodeIgniter\Session\Handlers\FileHandler' driver.
DEBUG - 2026-05-26 14:44:24 --> Session: Class initialized using 'CodeIgniter\Session\Handlers\FileHandler' driver.
DEBUG - 2026-05-26 14:44:24 --> Session: Class initialized using 'CodeIgniter\Session\Handlers\FileHandler' driver.
DEBUG - 2026-05-26 14:46:54 --> Session: Class initialized using 'CodeIgniter\Session\Handlers\FileHandler' driver.
DEBUG - 2026-05-26 14:47:05 --> Session: Class initialized using 'CodeIgniter\Session\Handlers\FileHandler' driver.
DEBUG - 2026-05-26 14:47:05 --> Session: Class initialized using 'CodeIgniter\Session\Handlers\FileHandler' driver.
DEBUG - 2026-05-26 14:47:19 --> Session: Class initialized using 'CodeIgniter\Session\Handlers\FileHandler' driver.
DEBUG - 2026-05-26 14:47:40 --> Session: Class initialized using 'CodeIgniter\Session\Handlers\FileHandler' driver.
CRITICAL - 2026-05-26 14:47:40 --> TypeError: Unsupported operand types: string + string
[Method: POST, Route: bang_luong/store]
in APPPATH\Controllers\BangLuongController.php on line 38.
 1 SYSTEMPATH\CodeIgniter.php(951): App\Controllers\BangLuongController->store()
 2 SYSTEMPATH\CodeIgniter.php(497): CodeIgniter\CodeIgniter->runController(Object(App\Controllers\BangLuongController))
 3 SYSTEMPATH\CodeIgniter.php(340): CodeIgniter\CodeIgniter->handleRequest(null, Object(Config\Cache), false)
 4 SYSTEMPATH\Boot.php(417): CodeIgniter\CodeIgniter->run()
 5 SYSTEMPATH\Boot.php(68): CodeIgniter\Boot::runCodeIgniter(Object(CodeIgniter\CodeIgniter))
 6 FCPATH\index.php(59): CodeIgniter\Boot::bootWeb(Object(Config\Paths))
DEBUG - 2026-05-26 14:47:41 --> Session: Class initialized using 'CodeIgniter\Session\Handlers\FileHandler' driver.
DEBUG - 2026-05-26 14:48:16 --> Session: Class initialized using 'CodeIgniter\Session\Handlers\FileHandler' driver.
DEBUG - 2026-05-26 14:48:19 --> Session: Class initialized using 'CodeIgniter\Session\Handlers\FileHandler' driver.
ERROR - 2026-05-26 14:48:19 --> Cannot delete or update a parent row: a foreign key constraint fails (`ci4_quan_ly_nhan_su`.`khen_thuong_ky_luat`, CONSTRAINT `fk_ktkl_nhan_vien` FOREIGN KEY (`nhan_vien_id`) REFERENCES `nhan_vien` (`nhan_vien_id`))
in SYSTEMPATH\Database\MySQLi\Connection.php on line 300.
 1 SYSTEMPATH\Database\MySQLi\Connection.php(300): mysqli->query('DELETE FROM `nhan_vien`
WHERE `nhan_vien_id` IN (\'7\')', 0)
 2 SYSTEMPATH\Database\BaseConnection.php(910): CodeIgniter\Database\MySQLi\Connection->execute('DELETE FROM `nhan_vien`
WHERE `nhan_vien_id` IN (\'7\')')
 3 SYSTEMPATH\Database\BaseConnection.php(827): CodeIgniter\Database\BaseConnection->simpleQuery('DELETE FROM `nhan_vien`
WHERE `nhan_vien_id` IN (\'7\')')
 4 SYSTEMPATH\Database\BaseBuilder.php(2848): CodeIgniter\Database\BaseConnection->query('DELETE FROM `nhan_vien`
WHERE `nhan_vien_id` IN :nhan_vien_id:', [...], false)
 5 SYSTEMPATH\Model.php(441): CodeIgniter\Database\BaseBuilder->delete()
 6 SYSTEMPATH\BaseModel.php(1207): CodeIgniter\Model->doDelete([...], false)
 7 APPPATH\Controllers\NhanVienController.php(116): CodeIgniter\BaseModel->delete([...])
 8 SYSTEMPATH\CodeIgniter.php(951): App\Controllers\NhanVienController->delete('7')
 9 SYSTEMPATH\CodeIgniter.php(497): CodeIgniter\CodeIgniter->runController(Object(App\Controllers\NhanVienController))
10 SYSTEMPATH\CodeIgniter.php(340): CodeIgniter\CodeIgniter->handleRequest(null, Object(Config\Cache), false)
11 SYSTEMPATH\Boot.php(417): CodeIgniter\CodeIgniter->run()
12 SYSTEMPATH\Boot.php(68): CodeIgniter\Boot::runCodeIgniter(Object(CodeIgniter\CodeIgniter))
13 FCPATH\index.php(59): CodeIgniter\Boot::bootWeb(Object(Config\Paths))
CRITICAL - 2026-05-26 14:48:19 --> CodeIgniter\Database\Exceptions\DatabaseException: Cannot delete or update a parent row: a foreign key constraint fails (`ci4_quan_ly_nhan_su`.`khen_thuong_ky_luat`, CONSTRAINT `fk_ktkl_nhan_vien` FOREIGN KEY (`nhan_vien_id`) REFERENCES `nhan_vien` (`nhan_vien_id`))
[Method: GET, Route: nhan_vien/delete/7]
in SYSTEMPATH\Database\BaseConnection.php on line 865.
 1 SYSTEMPATH\Database\BaseBuilder.php(2848): CodeIgniter\Database\BaseConnection->query('DELETE FROM `nhan_vien`
WHERE `nhan_vien_id` IN :nhan_vien_id:', [...], false)
 2 SYSTEMPATH\Model.php(441): CodeIgniter\Database\BaseBuilder->delete()
 3 SYSTEMPATH\BaseModel.php(1207): CodeIgniter\Model->doDelete([...], false)
 4 APPPATH\Controllers\NhanVienController.php(116): CodeIgniter\BaseModel->delete([...])
 5 SYSTEMPATH\CodeIgniter.php(951): App\Controllers\NhanVienController->delete('7')
 6 SYSTEMPATH\CodeIgniter.php(497): CodeIgniter\CodeIgniter->runController(Object(App\Controllers\NhanVienController))
 7 SYSTEMPATH\CodeIgniter.php(340): CodeIgniter\CodeIgniter->handleRequest(null, Object(Config\Cache), false)
 8 SYSTEMPATH\Boot.php(417): CodeIgniter\CodeIgniter->run()
 9 SYSTEMPATH\Boot.php(68): CodeIgniter\Boot::runCodeIgniter(Object(CodeIgniter\CodeIgniter))
10 FCPATH\index.php(59): CodeIgniter\Boot::bootWeb(Object(Config\Paths))
CRITICAL - 2026-05-26 14:48:19 --> [Caused by] CodeIgniter\Database\Exceptions\DatabaseException: Cannot delete or update a parent row: a foreign key constraint fails (`ci4_quan_ly_nhan_su`.`khen_thuong_ky_luat`, CONSTRAINT `fk_ktkl_nhan_vien` FOREIGN KEY (`nhan_vien_id`) REFERENCES `nhan_vien` (`nhan_vien_id`))
in SYSTEMPATH\Database\MySQLi\Connection.php on line 310.
 1 SYSTEMPATH\Database\BaseConnection.php(910): CodeIgniter\Database\MySQLi\Connection->execute('DELETE FROM `nhan_vien`
WHERE `nhan_vien_id` IN (\'7\')')
 2 SYSTEMPATH\Database\BaseConnection.php(827): CodeIgniter\Database\BaseConnection->simpleQuery('DELETE FROM `nhan_vien`
WHERE `nhan_vien_id` IN (\'7\')')
 3 SYSTEMPATH\Database\BaseBuilder.php(2848): CodeIgniter\Database\BaseConnection->query('DELETE FROM `nhan_vien`
WHERE `nhan_vien_id` IN :nhan_vien_id:', [...], false)
 4 SYSTEMPATH\Model.php(441): CodeIgniter\Database\BaseBuilder->delete()
 5 SYSTEMPATH\BaseModel.php(1207): CodeIgniter\Model->doDelete([...], false)
 6 APPPATH\Controllers\NhanVienController.php(116): CodeIgniter\BaseModel->delete([...])
 7 SYSTEMPATH\CodeIgniter.php(951): App\Controllers\NhanVienController->delete('7')
 8 SYSTEMPATH\CodeIgniter.php(497): CodeIgniter\CodeIgniter->runController(Object(App\Controllers\NhanVienController))
 9 SYSTEMPATH\CodeIgniter.php(340): CodeIgniter\CodeIgniter->handleRequest(null, Object(Config\Cache), false)
10 SYSTEMPATH\Boot.php(417): CodeIgniter\CodeIgniter->run()
11 SYSTEMPATH\Boot.php(68): CodeIgniter\Boot::runCodeIgniter(Object(CodeIgniter\CodeIgniter))
12 FCPATH\index.php(59): CodeIgniter\Boot::bootWeb(Object(Config\Paths))
CRITICAL - 2026-05-26 14:48:19 --> [Caused by] mysqli_sql_exception: Cannot delete or update a parent row: a foreign key constraint fails (`ci4_quan_ly_nhan_su`.`khen_thuong_ky_luat`, CONSTRAINT `fk_ktkl_nhan_vien` FOREIGN KEY (`nhan_vien_id`) REFERENCES `nhan_vien` (`nhan_vien_id`))
in SYSTEMPATH\Database\MySQLi\Connection.php on line 300.
 1 SYSTEMPATH\Database\MySQLi\Connection.php(300): mysqli->query('DELETE FROM `nhan_vien`
WHERE `nhan_vien_id` IN (\'7\')', 0)
 2 SYSTEMPATH\Database\BaseConnection.php(910): CodeIgniter\Database\MySQLi\Connection->execute('DELETE FROM `nhan_vien`
WHERE `nhan_vien_id` IN (\'7\')')
 3 SYSTEMPATH\Database\BaseConnection.php(827): CodeIgniter\Database\BaseConnection->simpleQuery('DELETE FROM `nhan_vien`
WHERE `nhan_vien_id` IN (\'7\')')
 4 SYSTEMPATH\Database\BaseBuilder.php(2848): CodeIgniter\Database\BaseConnection->query('DELETE FROM `nhan_vien`
WHERE `nhan_vien_id` IN :nhan_vien_id:', [...], false)
 5 SYSTEMPATH\Model.php(441): CodeIgniter\Database\BaseBuilder->delete()
 6 SYSTEMPATH\BaseModel.php(1207): CodeIgniter\Model->doDelete([...], false)
 7 APPPATH\Controllers\NhanVienController.php(116): CodeIgniter\BaseModel->delete([...])
 8 SYSTEMPATH\CodeIgniter.php(951): App\Controllers\NhanVienController->delete('7')
 9 SYSTEMPATH\CodeIgniter.php(497): CodeIgniter\CodeIgniter->runController(Object(App\Controllers\NhanVienController))
10 SYSTEMPATH\CodeIgniter.php(340): CodeIgniter\CodeIgniter->handleRequest(null, Object(Config\Cache), false)
11 SYSTEMPATH\Boot.php(417): CodeIgniter\CodeIgniter->run()
12 SYSTEMPATH\Boot.php(68): CodeIgniter\Boot::runCodeIgniter(Object(CodeIgniter\CodeIgniter))
13 FCPATH\index.php(59): CodeIgniter\Boot::bootWeb(Object(Config\Paths))
DEBUG - 2026-05-26 14:48:46 --> Session: Class initialized using 'CodeIgniter\Session\Handlers\FileHandler' driver.
ERROR - 2026-05-26 14:48:46 --> Cannot delete or update a parent row: a foreign key constraint fails (`ci4_quan_ly_nhan_su`.`khen_thuong_ky_luat`, CONSTRAINT `fk_ktkl_nhan_vien` FOREIGN KEY (`nhan_vien_id`) REFERENCES `nhan_vien` (`nhan_vien_id`))
in SYSTEMPATH\Database\MySQLi\Connection.php on line 300.
 1 SYSTEMPATH\Database\MySQLi\Connection.php(300): mysqli->query('DELETE FROM `nhan_vien`
WHERE `nhan_vien_id` IN (\'7\')', 0)
 2 SYSTEMPATH\Database\BaseConnection.php(910): CodeIgniter\Database\MySQLi\Connection->execute('DELETE FROM `nhan_vien`
WHERE `nhan_vien_id` IN (\'7\')')
 3 SYSTEMPATH\Database\BaseConnection.php(827): CodeIgniter\Database\BaseConnection->simpleQuery('DELETE FROM `nhan_vien`
WHERE `nhan_vien_id` IN (\'7\')')
 4 SYSTEMPATH\Database\BaseBuilder.php(2848): CodeIgniter\Database\BaseConnection->query('DELETE FROM `nhan_vien`
WHERE `nhan_vien_id` IN :nhan_vien_id:', [...], false)
 5 SYSTEMPATH\Model.php(441): CodeIgniter\Database\BaseBuilder->delete()
 6 SYSTEMPATH\BaseModel.php(1207): CodeIgniter\Model->doDelete([...], false)
 7 APPPATH\Controllers\NhanVienController.php(116): CodeIgniter\BaseModel->delete([...])
 8 SYSTEMPATH\CodeIgniter.php(951): App\Controllers\NhanVienController->delete('7')
 9 SYSTEMPATH\CodeIgniter.php(497): CodeIgniter\CodeIgniter->runController(Object(App\Controllers\NhanVienController))
10 SYSTEMPATH\CodeIgniter.php(340): CodeIgniter\CodeIgniter->handleRequest(null, Object(Config\Cache), false)
11 SYSTEMPATH\Boot.php(417): CodeIgniter\CodeIgniter->run()
12 SYSTEMPATH\Boot.php(68): CodeIgniter\Boot::runCodeIgniter(Object(CodeIgniter\CodeIgniter))
13 FCPATH\index.php(59): CodeIgniter\Boot::bootWeb(Object(Config\Paths))
CRITICAL - 2026-05-26 14:48:46 --> CodeIgniter\Database\Exceptions\DatabaseException: Cannot delete or update a parent row: a foreign key constraint fails (`ci4_quan_ly_nhan_su`.`khen_thuong_ky_luat`, CONSTRAINT `fk_ktkl_nhan_vien` FOREIGN KEY (`nhan_vien_id`) REFERENCES `nhan_vien` (`nhan_vien_id`))
[Method: GET, Route: nhan_vien/delete/7]
in SYSTEMPATH\Database\BaseConnection.php on line 865.
 1 SYSTEMPATH\Database\BaseBuilder.php(2848): CodeIgniter\Database\BaseConnection->query('DELETE FROM `nhan_vien`
WHERE `nhan_vien_id` IN :nhan_vien_id:', [...], false)
 2 SYSTEMPATH\Model.php(441): CodeIgniter\Database\BaseBuilder->delete()
 3 SYSTEMPATH\BaseModel.php(1207): CodeIgniter\Model->doDelete([...], false)
 4 APPPATH\Controllers\NhanVienController.php(116): CodeIgniter\BaseModel->delete([...])
 5 SYSTEMPATH\CodeIgniter.php(951): App\Controllers\NhanVienController->delete('7')
 6 SYSTEMPATH\CodeIgniter.php(497): CodeIgniter\CodeIgniter->runController(Object(App\Controllers\NhanVienController))
 7 SYSTEMPATH\CodeIgniter.php(340): CodeIgniter\CodeIgniter->handleRequest(null, Object(Config\Cache), false)
 8 SYSTEMPATH\Boot.php(417): CodeIgniter\CodeIgniter->run()
 9 SYSTEMPATH\Boot.php(68): CodeIgniter\Boot::runCodeIgniter(Object(CodeIgniter\CodeIgniter))
10 FCPATH\index.php(59): CodeIgniter\Boot::bootWeb(Object(Config\Paths))
CRITICAL - 2026-05-26 14:48:46 --> [Caused by] CodeIgniter\Database\Exceptions\DatabaseException: Cannot delete or update a parent row: a foreign key constraint fails (`ci4_quan_ly_nhan_su`.`khen_thuong_ky_luat`, CONSTRAINT `fk_ktkl_nhan_vien` FOREIGN KEY (`nhan_vien_id`) REFERENCES `nhan_vien` (`nhan_vien_id`))
in SYSTEMPATH\Database\MySQLi\Connection.php on line 310.
 1 SYSTEMPATH\Database\BaseConnection.php(910): CodeIgniter\Database\MySQLi\Connection->execute('DELETE FROM `nhan_vien`
WHERE `nhan_vien_id` IN (\'7\')')
 2 SYSTEMPATH\Database\BaseConnection.php(827): CodeIgniter\Database\BaseConnection->simpleQuery('DELETE FROM `nhan_vien`
WHERE `nhan_vien_id` IN (\'7\')')
 3 SYSTEMPATH\Database\BaseBuilder.php(2848): CodeIgniter\Database\BaseConnection->query('DELETE FROM `nhan_vien`
WHERE `nhan_vien_id` IN :nhan_vien_id:', [...], false)
 4 SYSTEMPATH\Model.php(441): CodeIgniter\Database\BaseBuilder->delete()
 5 SYSTEMPATH\BaseModel.php(1207): CodeIgniter\Model->doDelete([...], false)
 6 APPPATH\Controllers\NhanVienController.php(116): CodeIgniter\BaseModel->delete([...])
 7 SYSTEMPATH\CodeIgniter.php(951): App\Controllers\NhanVienController->delete('7')
 8 SYSTEMPATH\CodeIgniter.php(497): CodeIgniter\CodeIgniter->runController(Object(App\Controllers\NhanVienController))
 9 SYSTEMPATH\CodeIgniter.php(340): CodeIgniter\CodeIgniter->handleRequest(null, Object(Config\Cache), false)
10 SYSTEMPATH\Boot.php(417): CodeIgniter\CodeIgniter->run()
11 SYSTEMPATH\Boot.php(68): CodeIgniter\Boot::runCodeIgniter(Object(CodeIgniter\CodeIgniter))
12 FCPATH\index.php(59): CodeIgniter\Boot::bootWeb(Object(Config\Paths))
CRITICAL - 2026-05-26 14:48:46 --> [Caused by] mysqli_sql_exception: Cannot delete or update a parent row: a foreign key constraint fails (`ci4_quan_ly_nhan_su`.`khen_thuong_ky_luat`, CONSTRAINT `fk_ktkl_nhan_vien` FOREIGN KEY (`nhan_vien_id`) REFERENCES `nhan_vien` (`nhan_vien_id`))
in SYSTEMPATH\Database\MySQLi\Connection.php on line 300.
 1 SYSTEMPATH\Database\MySQLi\Connection.php(300): mysqli->query('DELETE FROM `nhan_vien`
WHERE `nhan_vien_id` IN (\'7\')', 0)
 2 SYSTEMPATH\Database\BaseConnection.php(910): CodeIgniter\Database\MySQLi\Connection->execute('DELETE FROM `nhan_vien`
WHERE `nhan_vien_id` IN (\'7\')')
 3 SYSTEMPATH\Database\BaseConnection.php(827): CodeIgniter\Database\BaseConnection->simpleQuery('DELETE FROM `nhan_vien`
WHERE `nhan_vien_id` IN (\'7\')')
 4 SYSTEMPATH\Database\BaseBuilder.php(2848): CodeIgniter\Database\BaseConnection->query('DELETE FROM `nhan_vien`
WHERE `nhan_vien_id` IN :nhan_vien_id:', [...], false)
 5 SYSTEMPATH\Model.php(441): CodeIgniter\Database\BaseBuilder->delete()
 6 SYSTEMPATH\BaseModel.php(1207): CodeIgniter\Model->doDelete([...], false)
 7 APPPATH\Controllers\NhanVienController.php(116): CodeIgniter\BaseModel->delete([...])
 8 SYSTEMPATH\CodeIgniter.php(951): App\Controllers\NhanVienController->delete('7')
 9 SYSTEMPATH\CodeIgniter.php(497): CodeIgniter\CodeIgniter->runController(Object(App\Controllers\NhanVienController))
10 SYSTEMPATH\CodeIgniter.php(340): CodeIgniter\CodeIgniter->handleRequest(null, Object(Config\Cache), false)
11 SYSTEMPATH\Boot.php(417): CodeIgniter\CodeIgniter->run()
12 SYSTEMPATH\Boot.php(68): CodeIgniter\Boot::runCodeIgniter(Object(CodeIgniter\CodeIgniter))
13 FCPATH\index.php(59): CodeIgniter\Boot::bootWeb(Object(Config\Paths))
DEBUG - 2026-05-26 14:49:40 --> Session: Class initialized using 'CodeIgniter\Session\Handlers\FileHandler' driver.
DEBUG - 2026-05-26 14:49:43 --> Session: Class initialized using 'CodeIgniter\Session\Handlers\FileHandler' driver.
DEBUG - 2026-05-26 14:50:14 --> Session: Class initialized using 'CodeIgniter\Session\Handlers\FileHandler' driver.
DEBUG - 2026-05-26 14:50:16 --> Session: Class initialized using 'CodeIgniter\Session\Handlers\FileHandler' driver.
DEBUG - 2026-05-26 14:50:59 --> Session: Class initialized using 'CodeIgniter\Session\Handlers\FileHandler' driver.
DEBUG - 2026-05-26 14:51:01 --> Session: Class initialized using 'CodeIgniter\Session\Handlers\FileHandler' driver.
DEBUG - 2026-05-26 14:52:12 --> Session: Class initialized using 'CodeIgniter\Session\Handlers\FileHandler' driver.
DEBUG - 2026-05-26 14:52:14 --> Session: Class initialized using 'CodeIgniter\Session\Handlers\FileHandler' driver.
DEBUG - 2026-05-26 14:52:18 --> Session: Class initialized using 'CodeIgniter\Session\Handlers\FileHandler' driver.
DEBUG - 2026-05-26 15:05:49 --> Session: Class initialized using 'CodeIgniter\Session\Handlers\FileHandler' driver.
DEBUG - 2026-05-26 15:06:01 --> Session: Class initialized using 'CodeIgniter\Session\Handlers\FileHandler' driver.
DEBUG - 2026-05-26 15:06:09 --> Session: Class initialized using 'CodeIgniter\Session\Handlers\FileHandler' driver.
DEBUG - 2026-05-26 15:06:17 --> Session: Class initialized using 'CodeIgniter\Session\Handlers\FileHandler' driver.
DEBUG - 2026-05-26 15:06:18 --> Session: Class initialized using 'CodeIgniter\Session\Handlers\FileHandler' driver.
DEBUG - 2026-05-26 15:06:33 --> Session: Class initialized using 'CodeIgniter\Session\Handlers\FileHandler' driver.
ERROR - 2026-05-26 15:06:33 --> Unknown column 'created_at' in 'field list'
in SYSTEMPATH\Database\MySQLi\Connection.php on line 300.
 1 SYSTEMPATH\Database\MySQLi\Connection.php(300): mysqli->query('INSERT INTO `nhan_vien` (`ma_nhan_vien`, `ho_ten`, `gioi_tinh`, `ngay_sinh`, `so_dien_thoai`, `email`, `luong`, `ngay_vao_lam`, `phong_ban_id`, `vai_tro_id`, `trang_thai`, `created_at`, `updated_at`) VALUES (\'\', \'\', \'NAM\', \'\', \'\', \'\', \'\', \'\', \'1\', \'1\', \'ACTIVE\', \'2026-05-26 15:06:33\', \'2026-05-26 15:06:33\')', 0)
 2 SYSTEMPATH\Database\BaseConnection.php(910): CodeIgniter\Database\MySQLi\Connection->execute('INSERT INTO `nhan_vien` (`ma_nhan_vien`, `ho_ten`, `gioi_tinh`, `ngay_sinh`, `so_dien_thoai`, `email`, `luong`, `ngay_vao_lam`, `phong_ban_id`, `vai_tro_id`, `trang_thai`, `created_at`, `updated_at`) VALUES (\'\', \'\', \'NAM\', \'\', \'\', \'\', \'\', \'\', \'1\', \'1\', \'ACTIVE\', \'2026-05-26 15:06:33\', \'2026-05-26 15:06:33\')')
 3 SYSTEMPATH\Database\BaseConnection.php(827): CodeIgniter\Database\BaseConnection->simpleQuery('INSERT INTO `nhan_vien` (`ma_nhan_vien`, `ho_ten`, `gioi_tinh`, `ngay_sinh`, `so_dien_thoai`, `email`, `luong`, `ngay_vao_lam`, `phong_ban_id`, `vai_tro_id`, `trang_thai`, `created_at`, `updated_at`) VALUES (\'\', \'\', \'NAM\', \'\', \'\', \'\', \'\', \'\', \'1\', \'1\', \'ACTIVE\', \'2026-05-26 15:06:33\', \'2026-05-26 15:06:33\')')
 4 SYSTEMPATH\Database\BaseBuilder.php(2345): CodeIgniter\Database\BaseConnection->query('INSERT INTO `nhan_vien` (`ma_nhan_vien`, `ho_ten`, `gioi_tinh`, `ngay_sinh`, `so_dien_thoai`, `email`, `luong`, `ngay_vao_lam`, `phong_ban_id`, `vai_tro_id`, `trang_thai`, `created_at`, `updated_at`) VALUES (:ma_nhan_vien:, :ho_ten:, :gioi_tinh:, :ngay_sinh:, :so_dien_thoai:, :email:, :luong:, :ngay_vao_lam:, :phong_ban_id:, :vai_tro_id:, :trang_thai:, :created_at:, :updated_at:)', [...], false)
 5 SYSTEMPATH\Model.php(355): CodeIgniter\Database\BaseBuilder->insert()
 6 SYSTEMPATH\BaseModel.php(899): CodeIgniter\Model->doInsert([...])
 7 SYSTEMPATH\Model.php(668): CodeIgniter\BaseModel->insert([...], false)
 8 SYSTEMPATH\BaseModel.php(752): CodeIgniter\Model->insert([...], false)
 9 APPPATH\Controllers\NhanVienController.php(34): CodeIgniter\BaseModel->save([...])
10 SYSTEMPATH\CodeIgniter.php(951): App\Controllers\NhanVienController->store()
11 SYSTEMPATH\CodeIgniter.php(497): CodeIgniter\CodeIgniter->runController(Object(App\Controllers\NhanVienController))
12 SYSTEMPATH\CodeIgniter.php(340): CodeIgniter\CodeIgniter->handleRequest(null, Object(Config\Cache), false)
13 SYSTEMPATH\Boot.php(417): CodeIgniter\CodeIgniter->run()
14 SYSTEMPATH\Boot.php(68): CodeIgniter\Boot::runCodeIgniter(Object(CodeIgniter\CodeIgniter))
15 FCPATH\index.php(59): CodeIgniter\Boot::bootWeb(Object(Config\Paths))
CRITICAL - 2026-05-26 15:06:33 --> CodeIgniter\Database\Exceptions\DatabaseException: Unknown column 'created_at' in 'field list'
[Method: POST, Route: nhan_vien/store]
in SYSTEMPATH\Database\BaseConnection.php on line 865.
 1 SYSTEMPATH\Database\BaseBuilder.php(2345): CodeIgniter\Database\BaseConnection->query('INSERT INTO `nhan_vien` (`ma_nhan_vien`, `ho_ten`, `gioi_tinh`, `ngay_sinh`, `so_dien_thoai`, `email`, `luong`, `ngay_vao_lam`, `phong_ban_id`, `vai_tro_id`, `trang_thai`, `created_at`, `updated_at`) VALUES (:ma_nhan_vien:, :ho_ten:, :gioi_tinh:, :ngay_sinh:, :so_dien_thoai:, :email:, :luong:, :ngay_vao_lam:, :phong_ban_id:, :vai_tro_id:, :trang_thai:, :created_at:, :updated_at:)', [...], false)
 2 SYSTEMPATH\Model.php(355): CodeIgniter\Database\BaseBuilder->insert()
 3 SYSTEMPATH\BaseModel.php(899): CodeIgniter\Model->doInsert([...])
 4 SYSTEMPATH\Model.php(668): CodeIgniter\BaseModel->insert([...], false)
 5 SYSTEMPATH\BaseModel.php(752): CodeIgniter\Model->insert([...], false)
 6 APPPATH\Controllers\NhanVienController.php(34): CodeIgniter\BaseModel->save([...])
 7 SYSTEMPATH\CodeIgniter.php(951): App\Controllers\NhanVienController->store()
 8 SYSTEMPATH\CodeIgniter.php(497): CodeIgniter\CodeIgniter->runController(Object(App\Controllers\NhanVienController))
 9 SYSTEMPATH\CodeIgniter.php(340): CodeIgniter\CodeIgniter->handleRequest(null, Object(Config\Cache), false)
10 SYSTEMPATH\Boot.php(417): CodeIgniter\CodeIgniter->run()
11 SYSTEMPATH\Boot.php(68): CodeIgniter\Boot::runCodeIgniter(Object(CodeIgniter\CodeIgniter))
12 FCPATH\index.php(59): CodeIgniter\Boot::bootWeb(Object(Config\Paths))
CRITICAL - 2026-05-26 15:06:33 --> [Caused by] CodeIgniter\Database\Exceptions\DatabaseException: Unknown column 'created_at' in 'field list'
in SYSTEMPATH\Database\MySQLi\Connection.php on line 310.
 1 SYSTEMPATH\Database\BaseConnection.php(910): CodeIgniter\Database\MySQLi\Connection->execute('INSERT INTO `nhan_vien` (`ma_nhan_vien`, `ho_ten`, `gioi_tinh`, `ngay_sinh`, `so_dien_thoai`, `email`, `luong`, `ngay_vao_lam`, `phong_ban_id`, `vai_tro_id`, `trang_thai`, `created_at`, `updated_at`) VALUES (\'\', \'\', \'NAM\', \'\', \'\', \'\', \'\', \'\', \'1\', \'1\', \'ACTIVE\', \'2026-05-26 15:06:33\', \'2026-05-26 15:06:33\')')
 2 SYSTEMPATH\Database\BaseConnection.php(827): CodeIgniter\Database\BaseConnection->simpleQuery('INSERT INTO `nhan_vien` (`ma_nhan_vien`, `ho_ten`, `gioi_tinh`, `ngay_sinh`, `so_dien_thoai`, `email`, `luong`, `ngay_vao_lam`, `phong_ban_id`, `vai_tro_id`, `trang_thai`, `created_at`, `updated_at`) VALUES (\'\', \'\', \'NAM\', \'\', \'\', \'\', \'\', \'\', \'1\', \'1\', \'ACTIVE\', \'2026-05-26 15:06:33\', \'2026-05-26 15:06:33\')')
 3 SYSTEMPATH\Database\BaseBuilder.php(2345): CodeIgniter\Database\BaseConnection->query('INSERT INTO `nhan_vien` (`ma_nhan_vien`, `ho_ten`, `gioi_tinh`, `ngay_sinh`, `so_dien_thoai`, `email`, `luong`, `ngay_vao_lam`, `phong_ban_id`, `vai_tro_id`, `trang_thai`, `created_at`, `updated_at`) VALUES (:ma_nhan_vien:, :ho_ten:, :gioi_tinh:, :ngay_sinh:, :so_dien_thoai:, :email:, :luong:, :ngay_vao_lam:, :phong_ban_id:, :vai_tro_id:, :trang_thai:, :created_at:, :updated_at:)', [...], false)
 4 SYSTEMPATH\Model.php(355): CodeIgniter\Database\BaseBuilder->insert()
 5 SYSTEMPATH\BaseModel.php(899): CodeIgniter\Model->doInsert([...])
 6 SYSTEMPATH\Model.php(668): CodeIgniter\BaseModel->insert([...], false)
 7 SYSTEMPATH\BaseModel.php(752): CodeIgniter\Model->insert([...], false)
 8 APPPATH\Controllers\NhanVienController.php(34): CodeIgniter\BaseModel->save([...])
 9 SYSTEMPATH\CodeIgniter.php(951): App\Controllers\NhanVienController->store()
10 SYSTEMPATH\CodeIgniter.php(497): CodeIgniter\CodeIgniter->runController(Object(App\Controllers\NhanVienController))
11 SYSTEMPATH\CodeIgniter.php(340): CodeIgniter\CodeIgniter->handleRequest(null, Object(Config\Cache), false)
12 SYSTEMPATH\Boot.php(417): CodeIgniter\CodeIgniter->run()
13 SYSTEMPATH\Boot.php(68): CodeIgniter\Boot::runCodeIgniter(Object(CodeIgniter\CodeIgniter))
14 FCPATH\index.php(59): CodeIgniter\Boot::bootWeb(Object(Config\Paths))
CRITICAL - 2026-05-26 15:06:33 --> [Caused by] mysqli_sql_exception: Unknown column 'created_at' in 'field list'
in SYSTEMPATH\Database\MySQLi\Connection.php on line 300.
 1 SYSTEMPATH\Database\MySQLi\Connection.php(300): mysqli->query('INSERT INTO `nhan_vien` (`ma_nhan_vien`, `ho_ten`, `gioi_tinh`, `ngay_sinh`, `so_dien_thoai`, `email`, `luong`, `ngay_vao_lam`, `phong_ban_id`, `vai_tro_id`, `trang_thai`, `created_at`, `updated_at`) VALUES (\'\', \'\', \'NAM\', \'\', \'\', \'\', \'\', \'\', \'1\', \'1\', \'ACTIVE\', \'2026-05-26 15:06:33\', \'2026-05-26 15:06:33\')', 0)
 2 SYSTEMPATH\Database\BaseConnection.php(910): CodeIgniter\Database\MySQLi\Connection->execute('INSERT INTO `nhan_vien` (`ma_nhan_vien`, `ho_ten`, `gioi_tinh`, `ngay_sinh`, `so_dien_thoai`, `email`, `luong`, `ngay_vao_lam`, `phong_ban_id`, `vai_tro_id`, `trang_thai`, `created_at`, `updated_at`) VALUES (\'\', \'\', \'NAM\', \'\', \'\', \'\', \'\', \'\', \'1\', \'1\', \'ACTIVE\', \'2026-05-26 15:06:33\', \'2026-05-26 15:06:33\')')
 3 SYSTEMPATH\Database\BaseConnection.php(827): CodeIgniter\Database\BaseConnection->simpleQuery('INSERT INTO `nhan_vien` (`ma_nhan_vien`, `ho_ten`, `gioi_tinh`, `ngay_sinh`, `so_dien_thoai`, `email`, `luong`, `ngay_vao_lam`, `phong_ban_id`, `vai_tro_id`, `trang_thai`, `created_at`, `updated_at`) VALUES (\'\', \'\', \'NAM\', \'\', \'\', \'\', \'\', \'\', \'1\', \'1\', \'ACTIVE\', \'2026-05-26 15:06:33\', \'2026-05-26 15:06:33\')')
 4 SYSTEMPATH\Database\BaseBuilder.php(2345): CodeIgniter\Database\BaseConnection->query('INSERT INTO `nhan_vien` (`ma_nhan_vien`, `ho_ten`, `gioi_tinh`, `ngay_sinh`, `so_dien_thoai`, `email`, `luong`, `ngay_vao_lam`, `phong_ban_id`, `vai_tro_id`, `trang_thai`, `created_at`, `updated_at`) VALUES (:ma_nhan_vien:, :ho_ten:, :gioi_tinh:, :ngay_sinh:, :so_dien_thoai:, :email:, :luong:, :ngay_vao_lam:, :phong_ban_id:, :vai_tro_id:, :trang_thai:, :created_at:, :updated_at:)', [...], false)
 5 SYSTEMPATH\Model.php(355): CodeIgniter\Database\BaseBuilder->insert()
 6 SYSTEMPATH\BaseModel.php(899): CodeIgniter\Model->doInsert([...])
 7 SYSTEMPATH\Model.php(668): CodeIgniter\BaseModel->insert([...], false)
 8 SYSTEMPATH\BaseModel.php(752): CodeIgniter\Model->insert([...], false)
 9 APPPATH\Controllers\NhanVienController.php(34): CodeIgniter\BaseModel->save([...])
10 SYSTEMPATH\CodeIgniter.php(951): App\Controllers\NhanVienController->store()
11 SYSTEMPATH\CodeIgniter.php(497): CodeIgniter\CodeIgniter->runController(Object(App\Controllers\NhanVienController))
12 SYSTEMPATH\CodeIgniter.php(340): CodeIgniter\CodeIgniter->handleRequest(null, Object(Config\Cache), false)
13 SYSTEMPATH\Boot.php(417): CodeIgniter\CodeIgniter->run()
14 SYSTEMPATH\Boot.php(68): CodeIgniter\Boot::runCodeIgniter(Object(CodeIgniter\CodeIgniter))
15 FCPATH\index.php(59): CodeIgniter\Boot::bootWeb(Object(Config\Paths))
DEBUG - 2026-05-26 15:06:36 --> Session: Class initialized using 'CodeIgniter\Session\Handlers\FileHandler' driver.
DEBUG - 2026-05-26 15:06:37 --> Session: Class initialized using 'CodeIgniter\Session\Handlers\FileHandler' driver.
DEBUG - 2026-05-26 15:06:38 --> Session: Class initialized using 'CodeIgniter\Session\Handlers\FileHandler' driver.
DEBUG - 2026-05-26 15:06:43 --> Session: Class initialized using 'CodeIgniter\Session\Handlers\FileHandler' driver.
DEBUG - 2026-05-26 15:06:50 --> Session: Class initialized using 'CodeIgniter\Session\Handlers\FileHandler' driver.
DEBUG - 2026-05-26 15:06:56 --> Session: Class initialized using 'CodeIgniter\Session\Handlers\FileHandler' driver.
DEBUG - 2026-05-26 15:07:47 --> Session: Class initialized using 'CodeIgniter\Session\Handlers\FileHandler' driver.
DEBUG - 2026-05-26 15:07:50 --> Session: Class initialized using 'CodeIgniter\Session\Handlers\FileHandler' driver.
DEBUG - 2026-05-26 15:07:51 --> Session: Class initialized using 'CodeIgniter\Session\Handlers\FileHandler' driver.
DEBUG - 2026-05-26 15:07:55 --> Session: Class initialized using 'CodeIgniter\Session\Handlers\FileHandler' driver.
DEBUG - 2026-05-26 15:07:55 --> Session: Class initialized using 'CodeIgniter\Session\Handlers\FileHandler' driver.
DEBUG - 2026-05-26 15:08:03 --> Session: Class initialized using 'CodeIgniter\Session\Handlers\FileHandler' driver.
DEBUG - 2026-05-26 15:08:07 --> Session: Class initialized using 'CodeIgniter\Session\Handlers\FileHandler' driver.
DEBUG - 2026-05-26 15:08:12 --> Session: Class initialized using 'CodeIgniter\Session\Handlers\FileHandler' driver.
DEBUG - 2026-05-26 15:08:15 --> Session: Class initialized using 'CodeIgniter\Session\Handlers\FileHandler' driver.
DEBUG - 2026-05-26 15:08:32 --> Session: Class initialized using 'CodeIgniter\Session\Handlers\FileHandler' driver.
DEBUG - 2026-05-26 15:08:35 --> Session: Class initialized using 'CodeIgniter\Session\Handlers\FileHandler' driver.
DEBUG - 2026-05-26 15:08:48 --> Session: Class initialized using 'CodeIgniter\Session\Handlers\FileHandler' driver.
DEBUG - 2026-05-26 15:09:03 --> Session: Class initialized using 'CodeIgniter\Session\Handlers\FileHandler' driver.
DEBUG - 2026-05-26 15:09:08 --> Session: Class initialized using 'CodeIgniter\Session\Handlers\FileHandler' driver.
DEBUG - 2026-05-26 15:09:09 --> Session: Class initialized using 'CodeIgniter\Session\Handlers\FileHandler' driver.
DEBUG - 2026-05-26 15:11:32 --> Session: Class initialized using 'CodeIgniter\Session\Handlers\FileHandler' driver.
DEBUG - 2026-05-26 15:11:37 --> Session: Class initialized using 'CodeIgniter\Session\Handlers\FileHandler' driver.
DEBUG - 2026-05-26 15:12:22 --> Session: Class initialized using 'CodeIgniter\Session\Handlers\FileHandler' driver.
DEBUG - 2026-05-26 15:12:27 --> Session: Class initialized using 'CodeIgniter\Session\Handlers\FileHandler' driver.
DEBUG - 2026-05-26 15:12:27 --> Session: Class initialized using 'CodeIgniter\Session\Handlers\FileHandler' driver.
DEBUG - 2026-05-26 15:12:41 --> Session: Class initialized using 'CodeIgniter\Session\Handlers\FileHandler' driver.
DEBUG - 2026-05-26 15:12:47 --> Session: Class initialized using 'CodeIgniter\Session\Handlers\FileHandler' driver.
DEBUG - 2026-05-26 15:12:55 --> Session: Class initialized using 'CodeIgniter\Session\Handlers\FileHandler' driver.
DEBUG - 2026-05-26 15:12:55 --> Session: Class initialized using 'CodeIgniter\Session\Handlers\FileHandler' driver.
DEBUG - 2026-05-26 15:12:59 --> Session: Class initialized using 'CodeIgniter\Session\Handlers\FileHandler' driver.
DEBUG - 2026-05-26 15:13:01 --> Session: Class initialized using 'CodeIgniter\Session\Handlers\FileHandler' driver.
DEBUG - 2026-05-26 15:13:20 --> Session: Class initialized using 'CodeIgniter\Session\Handlers\FileHandler' driver.
DEBUG - 2026-05-26 15:13:23 --> Session: Class initialized using 'CodeIgniter\Session\Handlers\FileHandler' driver.
ERROR - 2026-05-26 15:13:23 --> Duplicate entry 'ad' for key 'ten_phong_ban'
in SYSTEMPATH\Database\MySQLi\Connection.php on line 300.
 1 SYSTEMPATH\Database\MySQLi\Connection.php(300): mysqli->query('INSERT INTO `phong_ban` (`ten_phong_ban`, `mo_ta`) VALUES (\'ad\', \'ad\')', 0)
 2 SYSTEMPATH\Database\BaseConnection.php(910): CodeIgniter\Database\MySQLi\Connection->execute('INSERT INTO `phong_ban` (`ten_phong_ban`, `mo_ta`) VALUES (\'ad\', \'ad\')')
 3 SYSTEMPATH\Database\BaseConnection.php(827): CodeIgniter\Database\BaseConnection->simpleQuery('INSERT INTO `phong_ban` (`ten_phong_ban`, `mo_ta`) VALUES (\'ad\', \'ad\')')
 4 SYSTEMPATH\Database\BaseBuilder.php(2345): CodeIgniter\Database\BaseConnection->query('INSERT INTO `phong_ban` (`ten_phong_ban`, `mo_ta`) VALUES (:ten_phong_ban:, :mo_ta:)', [...], false)
 5 SYSTEMPATH\Model.php(355): CodeIgniter\Database\BaseBuilder->insert()
 6 SYSTEMPATH\BaseModel.php(899): CodeIgniter\Model->doInsert([...])
 7 SYSTEMPATH\Model.php(668): CodeIgniter\BaseModel->insert([...], false)
 8 SYSTEMPATH\BaseModel.php(752): CodeIgniter\Model->insert([...], false)
 9 APPPATH\Controllers\PhongBanController.php(31): CodeIgniter\BaseModel->save([...])
10 SYSTEMPATH\CodeIgniter.php(951): App\Controllers\PhongBanController->store()
11 SYSTEMPATH\CodeIgniter.php(497): CodeIgniter\CodeIgniter->runController(Object(App\Controllers\PhongBanController))
12 SYSTEMPATH\CodeIgniter.php(340): CodeIgniter\CodeIgniter->handleRequest(null, Object(Config\Cache), false)
13 SYSTEMPATH\Boot.php(417): CodeIgniter\CodeIgniter->run()
14 SYSTEMPATH\Boot.php(68): CodeIgniter\Boot::runCodeIgniter(Object(CodeIgniter\CodeIgniter))
15 FCPATH\index.php(59): CodeIgniter\Boot::bootWeb(Object(Config\Paths))
CRITICAL - 2026-05-26 15:13:23 --> CodeIgniter\Database\Exceptions\DatabaseException: Duplicate entry 'ad' for key 'ten_phong_ban'
[Method: POST, Route: phong_ban/store]
in SYSTEMPATH\Database\BaseConnection.php on line 865.
 1 SYSTEMPATH\Database\BaseBuilder.php(2345): CodeIgniter\Database\BaseConnection->query('INSERT INTO `phong_ban` (`ten_phong_ban`, `mo_ta`) VALUES (:ten_phong_ban:, :mo_ta:)', [...], false)
 2 SYSTEMPATH\Model.php(355): CodeIgniter\Database\BaseBuilder->insert()
 3 SYSTEMPATH\BaseModel.php(899): CodeIgniter\Model->doInsert([...])
 4 SYSTEMPATH\Model.php(668): CodeIgniter\BaseModel->insert([...], false)
 5 SYSTEMPATH\BaseModel.php(752): CodeIgniter\Model->insert([...], false)
 6 APPPATH\Controllers\PhongBanController.php(31): CodeIgniter\BaseModel->save([...])
 7 SYSTEMPATH\CodeIgniter.php(951): App\Controllers\PhongBanController->store()
 8 SYSTEMPATH\CodeIgniter.php(497): CodeIgniter\CodeIgniter->runController(Object(App\Controllers\PhongBanController))
 9 SYSTEMPATH\CodeIgniter.php(340): CodeIgniter\CodeIgniter->handleRequest(null, Object(Config\Cache), false)
10 SYSTEMPATH\Boot.php(417): CodeIgniter\CodeIgniter->run()
11 SYSTEMPATH\Boot.php(68): CodeIgniter\Boot::runCodeIgniter(Object(CodeIgniter\CodeIgniter))
12 FCPATH\index.php(59): CodeIgniter\Boot::bootWeb(Object(Config\Paths))
CRITICAL - 2026-05-26 15:13:23 --> [Caused by] CodeIgniter\Database\Exceptions\DatabaseException: Duplicate entry 'ad' for key 'ten_phong_ban'
in SYSTEMPATH\Database\MySQLi\Connection.php on line 310.
 1 SYSTEMPATH\Database\BaseConnection.php(910): CodeIgniter\Database\MySQLi\Connection->execute('INSERT INTO `phong_ban` (`ten_phong_ban`, `mo_ta`) VALUES (\'ad\', \'ad\')')
 2 SYSTEMPATH\Database\BaseConnection.php(827): CodeIgniter\Database\BaseConnection->simpleQuery('INSERT INTO `phong_ban` (`ten_phong_ban`, `mo_ta`) VALUES (\'ad\', \'ad\')')
 3 SYSTEMPATH\Database\BaseBuilder.php(2345): CodeIgniter\Database\BaseConnection->query('INSERT INTO `phong_ban` (`ten_phong_ban`, `mo_ta`) VALUES (:ten_phong_ban:, :mo_ta:)', [...], false)
 4 SYSTEMPATH\Model.php(355): CodeIgniter\Database\BaseBuilder->insert()
 5 SYSTEMPATH\BaseModel.php(899): CodeIgniter\Model->doInsert([...])
 6 SYSTEMPATH\Model.php(668): CodeIgniter\BaseModel->insert([...], false)
 7 SYSTEMPATH\BaseModel.php(752): CodeIgniter\Model->insert([...], false)
 8 APPPATH\Controllers\PhongBanController.php(31): CodeIgniter\BaseModel->save([...])
 9 SYSTEMPATH\CodeIgniter.php(951): App\Controllers\PhongBanController->store()
10 SYSTEMPATH\CodeIgniter.php(497): CodeIgniter\CodeIgniter->runController(Object(App\Controllers\PhongBanController))
11 SYSTEMPATH\CodeIgniter.php(340): CodeIgniter\CodeIgniter->handleRequest(null, Object(Config\Cache), false)
12 SYSTEMPATH\Boot.php(417): CodeIgniter\CodeIgniter->run()
13 SYSTEMPATH\Boot.php(68): CodeIgniter\Boot::runCodeIgniter(Object(CodeIgniter\CodeIgniter))
14 FCPATH\index.php(59): CodeIgniter\Boot::bootWeb(Object(Config\Paths))
CRITICAL - 2026-05-26 15:13:23 --> [Caused by] mysqli_sql_exception: Duplicate entry 'ad' for key 'ten_phong_ban'
in SYSTEMPATH\Database\MySQLi\Connection.php on line 300.
 1 SYSTEMPATH\Database\MySQLi\Connection.php(300): mysqli->query('INSERT INTO `phong_ban` (`ten_phong_ban`, `mo_ta`) VALUES (\'ad\', \'ad\')', 0)
 2 SYSTEMPATH\Database\BaseConnection.php(910): CodeIgniter\Database\MySQLi\Connection->execute('INSERT INTO `phong_ban` (`ten_phong_ban`, `mo_ta`) VALUES (\'ad\', \'ad\')')
 3 SYSTEMPATH\Database\BaseConnection.php(827): CodeIgniter\Database\BaseConnection->simpleQuery('INSERT INTO `phong_ban` (`ten_phong_ban`, `mo_ta`) VALUES (\'ad\', \'ad\')')
 4 SYSTEMPATH\Database\BaseBuilder.php(2345): CodeIgniter\Database\BaseConnection->query('INSERT INTO `phong_ban` (`ten_phong_ban`, `mo_ta`) VALUES (:ten_phong_ban:, :mo_ta:)', [...], false)
 5 SYSTEMPATH\Model.php(355): CodeIgniter\Database\BaseBuilder->insert()
 6 SYSTEMPATH\BaseModel.php(899): CodeIgniter\Model->doInsert([...])
 7 SYSTEMPATH\Model.php(668): CodeIgniter\BaseModel->insert([...], false)
 8 SYSTEMPATH\BaseModel.php(752): CodeIgniter\Model->insert([...], false)
 9 APPPATH\Controllers\PhongBanController.php(31): CodeIgniter\BaseModel->save([...])
10 SYSTEMPATH\CodeIgniter.php(951): App\Controllers\PhongBanController->store()
11 SYSTEMPATH\CodeIgniter.php(497): CodeIgniter\CodeIgniter->runController(Object(App\Controllers\PhongBanController))
12 SYSTEMPATH\CodeIgniter.php(340): CodeIgniter\CodeIgniter->handleRequest(null, Object(Config\Cache), false)
13 SYSTEMPATH\Boot.php(417): CodeIgniter\CodeIgniter->run()
14 SYSTEMPATH\Boot.php(68): CodeIgniter\Boot::runCodeIgniter(Object(CodeIgniter\CodeIgniter))
15 FCPATH\index.php(59): CodeIgniter\Boot::bootWeb(Object(Config\Paths))
DEBUG - 2026-05-26 15:13:28 --> Session: Class initialized using 'CodeIgniter\Session\Handlers\FileHandler' driver.
DEBUG - 2026-05-26 15:13:31 --> Session: Class initialized using 'CodeIgniter\Session\Handlers\FileHandler' driver.
DEBUG - 2026-05-26 15:13:32 --> Session: Class initialized using 'CodeIgniter\Session\Handlers\FileHandler' driver.
DEBUG - 2026-05-26 15:13:33 --> Session: Class initialized using 'CodeIgniter\Session\Handlers\FileHandler' driver.
DEBUG - 2026-05-26 15:13:36 --> Session: Class initialized using 'CodeIgniter\Session\Handlers\FileHandler' driver.
DEBUG - 2026-05-26 15:13:37 --> Session: Class initialized using 'CodeIgniter\Session\Handlers\FileHandler' driver.
DEBUG - 2026-05-26 15:13:57 --> Session: Class initialized using 'CodeIgniter\Session\Handlers\FileHandler' driver.
DEBUG - 2026-05-26 15:13:57 --> Session: Class initialized using 'CodeIgniter\Session\Handlers\FileHandler' driver.
DEBUG - 2026-05-26 15:14:43 --> Session: Class initialized using 'CodeIgniter\Session\Handlers\FileHandler' driver.
DEBUG - 2026-05-26 15:14:48 --> Session: Class initialized using 'CodeIgniter\Session\Handlers\FileHandler' driver.
DEBUG - 2026-05-26 15:16:45 --> Session: Class initialized using 'CodeIgniter\Session\Handlers\FileHandler' driver.
ERROR - 2026-05-26 15:16:45 --> Unknown column 'created_at' in 'field list'
in SYSTEMPATH\Database\MySQLi\Connection.php on line 300.
 1 SYSTEMPATH\Database\MySQLi\Connection.php(300): mysqli->query('INSERT INTO `nhan_vien` (`ma_nhan_vien`, `ho_ten`, `gioi_tinh`, `ngay_sinh`, `so_dien_thoai`, `email`, `luong`, `ngay_vao_lam`, `phong_ban_id`, `vai_tro_id`, `trang_thai`, `created_at`, `updated_at`) VALUES (\'\', \'Minh\', \'NAM\', \'2026-05-01\', \'0981234567\', \'minh@gmail.com\', \'500000\', \'2026-05-01\', \'5\', \'4\', \'ACTIVE\', \'2026-05-26 15:16:45\', \'2026-05-26 15:16:45\')', 0)
 2 SYSTEMPATH\Database\BaseConnection.php(910): CodeIgniter\Database\MySQLi\Connection->execute('INSERT INTO `nhan_vien` (`ma_nhan_vien`, `ho_ten`, `gioi_tinh`, `ngay_sinh`, `so_dien_thoai`, `email`, `luong`, `ngay_vao_lam`, `phong_ban_id`, `vai_tro_id`, `trang_thai`, `created_at`, `updated_at`) VALUES (\'\', \'Minh\', \'NAM\', \'2026-05-01\', \'0981234567\', \'minh@gmail.com\', \'500000\', \'2026-05-01\', \'5\', \'4\', \'ACTIVE\', \'2026-05-26 15:16:45\', \'2026-05-26 15:16:45\')')
 3 SYSTEMPATH\Database\BaseConnection.php(827): CodeIgniter\Database\BaseConnection->simpleQuery('INSERT INTO `nhan_vien` (`ma_nhan_vien`, `ho_ten`, `gioi_tinh`, `ngay_sinh`, `so_dien_thoai`, `email`, `luong`, `ngay_vao_lam`, `phong_ban_id`, `vai_tro_id`, `trang_thai`, `created_at`, `updated_at`) VALUES (\'\', \'Minh\', \'NAM\', \'2026-05-01\', \'0981234567\', \'minh@gmail.com\', \'500000\', \'2026-05-01\', \'5\', \'4\', \'ACTIVE\', \'2026-05-26 15:16:45\', \'2026-05-26 15:16:45\')')
 4 SYSTEMPATH\Database\BaseBuilder.php(2345): CodeIgniter\Database\BaseConnection->query('INSERT INTO `nhan_vien` (`ma_nhan_vien`, `ho_ten`, `gioi_tinh`, `ngay_sinh`, `so_dien_thoai`, `email`, `luong`, `ngay_vao_lam`, `phong_ban_id`, `vai_tro_id`, `trang_thai`, `created_at`, `updated_at`) VALUES (:ma_nhan_vien:, :ho_ten:, :gioi_tinh:, :ngay_sinh:, :so_dien_thoai:, :email:, :luong:, :ngay_vao_lam:, :phong_ban_id:, :vai_tro_id:, :trang_thai:, :created_at:, :updated_at:)', [...], false)
 5 SYSTEMPATH\Model.php(355): CodeIgniter\Database\BaseBuilder->insert()
 6 SYSTEMPATH\BaseModel.php(899): CodeIgniter\Model->doInsert([...])
 7 SYSTEMPATH\Model.php(668): CodeIgniter\BaseModel->insert([...], false)
 8 SYSTEMPATH\BaseModel.php(752): CodeIgniter\Model->insert([...], false)
 9 APPPATH\Controllers\NhanVienController.php(34): CodeIgniter\BaseModel->save([...])
10 SYSTEMPATH\CodeIgniter.php(951): App\Controllers\NhanVienController->store()
11 SYSTEMPATH\CodeIgniter.php(497): CodeIgniter\CodeIgniter->runController(Object(App\Controllers\NhanVienController))
12 SYSTEMPATH\CodeIgniter.php(340): CodeIgniter\CodeIgniter->handleRequest(null, Object(Config\Cache), false)
13 SYSTEMPATH\Boot.php(417): CodeIgniter\CodeIgniter->run()
14 SYSTEMPATH\Boot.php(68): CodeIgniter\Boot::runCodeIgniter(Object(CodeIgniter\CodeIgniter))
15 FCPATH\index.php(59): CodeIgniter\Boot::bootWeb(Object(Config\Paths))
CRITICAL - 2026-05-26 15:16:45 --> CodeIgniter\Database\Exceptions\DatabaseException: Unknown column 'created_at' in 'field list'
[Method: POST, Route: nhan_vien/store]
in SYSTEMPATH\Database\BaseConnection.php on line 865.
 1 SYSTEMPATH\Database\BaseBuilder.php(2345): CodeIgniter\Database\BaseConnection->query('INSERT INTO `nhan_vien` (`ma_nhan_vien`, `ho_ten`, `gioi_tinh`, `ngay_sinh`, `so_dien_thoai`, `email`, `luong`, `ngay_vao_lam`, `phong_ban_id`, `vai_tro_id`, `trang_thai`, `created_at`, `updated_at`) VALUES (:ma_nhan_vien:, :ho_ten:, :gioi_tinh:, :ngay_sinh:, :so_dien_thoai:, :email:, :luong:, :ngay_vao_lam:, :phong_ban_id:, :vai_tro_id:, :trang_thai:, :created_at:, :updated_at:)', [...], false)
 2 SYSTEMPATH\Model.php(355): CodeIgniter\Database\BaseBuilder->insert()
 3 SYSTEMPATH\BaseModel.php(899): CodeIgniter\Model->doInsert([...])
 4 SYSTEMPATH\Model.php(668): CodeIgniter\BaseModel->insert([...], false)
 5 SYSTEMPATH\BaseModel.php(752): CodeIgniter\Model->insert([...], false)
 6 APPPATH\Controllers\NhanVienController.php(34): CodeIgniter\BaseModel->save([...])
 7 SYSTEMPATH\CodeIgniter.php(951): App\Controllers\NhanVienController->store()
 8 SYSTEMPATH\CodeIgniter.php(497): CodeIgniter\CodeIgniter->runController(Object(App\Controllers\NhanVienController))
 9 SYSTEMPATH\CodeIgniter.php(340): CodeIgniter\CodeIgniter->handleRequest(null, Object(Config\Cache), false)
10 SYSTEMPATH\Boot.php(417): CodeIgniter\CodeIgniter->run()
11 SYSTEMPATH\Boot.php(68): CodeIgniter\Boot::runCodeIgniter(Object(CodeIgniter\CodeIgniter))
12 FCPATH\index.php(59): CodeIgniter\Boot::bootWeb(Object(Config\Paths))
CRITICAL - 2026-05-26 15:16:45 --> [Caused by] CodeIgniter\Database\Exceptions\DatabaseException: Unknown column 'created_at' in 'field list'
in SYSTEMPATH\Database\MySQLi\Connection.php on line 310.
 1 SYSTEMPATH\Database\BaseConnection.php(910): CodeIgniter\Database\MySQLi\Connection->execute('INSERT INTO `nhan_vien` (`ma_nhan_vien`, `ho_ten`, `gioi_tinh`, `ngay_sinh`, `so_dien_thoai`, `email`, `luong`, `ngay_vao_lam`, `phong_ban_id`, `vai_tro_id`, `trang_thai`, `created_at`, `updated_at`) VALUES (\'\', \'Minh\', \'NAM\', \'2026-05-01\', \'0981234567\', \'minh@gmail.com\', \'500000\', \'2026-05-01\', \'5\', \'4\', \'ACTIVE\', \'2026-05-26 15:16:45\', \'2026-05-26 15:16:45\')')
 2 SYSTEMPATH\Database\BaseConnection.php(827): CodeIgniter\Database\BaseConnection->simpleQuery('INSERT INTO `nhan_vien` (`ma_nhan_vien`, `ho_ten`, `gioi_tinh`, `ngay_sinh`, `so_dien_thoai`, `email`, `luong`, `ngay_vao_lam`, `phong_ban_id`, `vai_tro_id`, `trang_thai`, `created_at`, `updated_at`) VALUES (\'\', \'Minh\', \'NAM\', \'2026-05-01\', \'0981234567\', \'minh@gmail.com\', \'500000\', \'2026-05-01\', \'5\', \'4\', \'ACTIVE\', \'2026-05-26 15:16:45\', \'2026-05-26 15:16:45\')')
 3 SYSTEMPATH\Database\BaseBuilder.php(2345): CodeIgniter\Database\BaseConnection->query('INSERT INTO `nhan_vien` (`ma_nhan_vien`, `ho_ten`, `gioi_tinh`, `ngay_sinh`, `so_dien_thoai`, `email`, `luong`, `ngay_vao_lam`, `phong_ban_id`, `vai_tro_id`, `trang_thai`, `created_at`, `updated_at`) VALUES (:ma_nhan_vien:, :ho_ten:, :gioi_tinh:, :ngay_sinh:, :so_dien_thoai:, :email:, :luong:, :ngay_vao_lam:, :phong_ban_id:, :vai_tro_id:, :trang_thai:, :created_at:, :updated_at:)', [...], false)
 4 SYSTEMPATH\Model.php(355): CodeIgniter\Database\BaseBuilder->insert()
 5 SYSTEMPATH\BaseModel.php(899): CodeIgniter\Model->doInsert([...])
 6 SYSTEMPATH\Model.php(668): CodeIgniter\BaseModel->insert([...], false)
 7 SYSTEMPATH\BaseModel.php(752): CodeIgniter\Model->insert([...], false)
 8 APPPATH\Controllers\NhanVienController.php(34): CodeIgniter\BaseModel->save([...])
 9 SYSTEMPATH\CodeIgniter.php(951): App\Controllers\NhanVienController->store()
10 SYSTEMPATH\CodeIgniter.php(497): CodeIgniter\CodeIgniter->runController(Object(App\Controllers\NhanVienController))
11 SYSTEMPATH\CodeIgniter.php(340): CodeIgniter\CodeIgniter->handleRequest(null, Object(Config\Cache), false)
12 SYSTEMPATH\Boot.php(417): CodeIgniter\CodeIgniter->run()
13 SYSTEMPATH\Boot.php(68): CodeIgniter\Boot::runCodeIgniter(Object(CodeIgniter\CodeIgniter))
14 FCPATH\index.php(59): CodeIgniter\Boot::bootWeb(Object(Config\Paths))
CRITICAL - 2026-05-26 15:16:45 --> [Caused by] mysqli_sql_exception: Unknown column 'created_at' in 'field list'
in SYSTEMPATH\Database\MySQLi\Connection.php on line 300.
 1 SYSTEMPATH\Database\MySQLi\Connection.php(300): mysqli->query('INSERT INTO `nhan_vien` (`ma_nhan_vien`, `ho_ten`, `gioi_tinh`, `ngay_sinh`, `so_dien_thoai`, `email`, `luong`, `ngay_vao_lam`, `phong_ban_id`, `vai_tro_id`, `trang_thai`, `created_at`, `updated_at`) VALUES (\'\', \'Minh\', \'NAM\', \'2026-05-01\', \'0981234567\', \'minh@gmail.com\', \'500000\', \'2026-05-01\', \'5\', \'4\', \'ACTIVE\', \'2026-05-26 15:16:45\', \'2026-05-26 15:16:45\')', 0)
 2 SYSTEMPATH\Database\BaseConnection.php(910): CodeIgniter\Database\MySQLi\Connection->execute('INSERT INTO `nhan_vien` (`ma_nhan_vien`, `ho_ten`, `gioi_tinh`, `ngay_sinh`, `so_dien_thoai`, `email`, `luong`, `ngay_vao_lam`, `phong_ban_id`, `vai_tro_id`, `trang_thai`, `created_at`, `updated_at`) VALUES (\'\', \'Minh\', \'NAM\', \'2026-05-01\', \'0981234567\', \'minh@gmail.com\', \'500000\', \'2026-05-01\', \'5\', \'4\', \'ACTIVE\', \'2026-05-26 15:16:45\', \'2026-05-26 15:16:45\')')
 3 SYSTEMPATH\Database\BaseConnection.php(827): CodeIgniter\Database\BaseConnection->simpleQuery('INSERT INTO `nhan_vien` (`ma_nhan_vien`, `ho_ten`, `gioi_tinh`, `ngay_sinh`, `so_dien_thoai`, `email`, `luong`, `ngay_vao_lam`, `phong_ban_id`, `vai_tro_id`, `trang_thai`, `created_at`, `updated_at`) VALUES (\'\', \'Minh\', \'NAM\', \'2026-05-01\', \'0981234567\', \'minh@gmail.com\', \'500000\', \'2026-05-01\', \'5\', \'4\', \'ACTIVE\', \'2026-05-26 15:16:45\', \'2026-05-26 15:16:45\')')
 4 SYSTEMPATH\Database\BaseBuilder.php(2345): CodeIgniter\Database\BaseConnection->query('INSERT INTO `nhan_vien` (`ma_nhan_vien`, `ho_ten`, `gioi_tinh`, `ngay_sinh`, `so_dien_thoai`, `email`, `luong`, `ngay_vao_lam`, `phong_ban_id`, `vai_tro_id`, `trang_thai`, `created_at`, `updated_at`) VALUES (:ma_nhan_vien:, :ho_ten:, :gioi_tinh:, :ngay_sinh:, :so_dien_thoai:, :email:, :luong:, :ngay_vao_lam:, :phong_ban_id:, :vai_tro_id:, :trang_thai:, :created_at:, :updated_at:)', [...], false)
 5 SYSTEMPATH\Model.php(355): CodeIgniter\Database\BaseBuilder->insert()
 6 SYSTEMPATH\BaseModel.php(899): CodeIgniter\Model->doInsert([...])
 7 SYSTEMPATH\Model.php(668): CodeIgniter\BaseModel->insert([...], false)
 8 SYSTEMPATH\BaseModel.php(752): CodeIgniter\Model->insert([...], false)
 9 APPPATH\Controllers\NhanVienController.php(34): CodeIgniter\BaseModel->save([...])
10 SYSTEMPATH\CodeIgniter.php(951): App\Controllers\NhanVienController->store()
11 SYSTEMPATH\CodeIgniter.php(497): CodeIgniter\CodeIgniter->runController(Object(App\Controllers\NhanVienController))
12 SYSTEMPATH\CodeIgniter.php(340): CodeIgniter\CodeIgniter->handleRequest(null, Object(Config\Cache), false)
13 SYSTEMPATH\Boot.php(417): CodeIgniter\CodeIgniter->run()
14 SYSTEMPATH\Boot.php(68): CodeIgniter\Boot::runCodeIgniter(Object(CodeIgniter\CodeIgniter))
15 FCPATH\index.php(59): CodeIgniter\Boot::bootWeb(Object(Config\Paths))
DEBUG - 2026-05-26 15:18:57 --> Session: Class initialized using 'CodeIgniter\Session\Handlers\FileHandler' driver.
DEBUG - 2026-05-26 15:20:52 --> Session: Class initialized using 'CodeIgniter\Session\Handlers\FileHandler' driver.
DEBUG - 2026-05-26 15:20:58 --> Session: Class initialized using 'CodeIgniter\Session\Handlers\FileHandler' driver.
DEBUG - 2026-05-26 15:21:35 --> Session: Class initialized using 'CodeIgniter\Session\Handlers\FileHandler' driver.
DEBUG - 2026-05-26 15:22:06 --> Session: Class initialized using 'CodeIgniter\Session\Handlers\FileHandler' driver.
DEBUG - 2026-05-26 15:22:09 --> Session: Class initialized using 'CodeIgniter\Session\Handlers\FileHandler' driver.
DEBUG - 2026-05-26 15:22:12 --> Session: Class initialized using 'CodeIgniter\Session\Handlers\FileHandler' driver.
DEBUG - 2026-05-26 15:23:12 --> Session: Class initialized using 'CodeIgniter\Session\Handlers\FileHandler' driver.
DEBUG - 2026-05-26 15:23:40 --> Session: Class initialized using 'CodeIgniter\Session\Handlers\FileHandler' driver.
DEBUG - 2026-05-26 15:23:42 --> Session: Class initialized using 'CodeIgniter\Session\Handlers\FileHandler' driver.
DEBUG - 2026-05-26 15:24:14 --> Session: Class initialized using 'CodeIgniter\Session\Handlers\FileHandler' driver.
DEBUG - 2026-05-26 15:27:10 --> Session: Class initialized using 'CodeIgniter\Session\Handlers\FileHandler' driver.
DEBUG - 2026-05-26 15:27:13 --> Session: Class initialized using 'CodeIgniter\Session\Handlers\FileHandler' driver.
DEBUG - 2026-05-26 15:27:47 --> Session: Class initialized using 'CodeIgniter\Session\Handlers\FileHandler' driver.
ERROR - 2026-05-26 15:27:47 --> Duplicate entry '' for key 'ma_nhan_vien'
in SYSTEMPATH\Database\MySQLi\Connection.php on line 300.
 1 SYSTEMPATH\Database\MySQLi\Connection.php(300): mysqli->query('INSERT INTO `nhan_vien` (`ma_nhan_vien`, `ho_ten`, `gioi_tinh`, `ngay_sinh`, `so_dien_thoai`, `email`, `luong`, `ngay_vao_lam`, `phong_ban_id`, `vai_tro_id`, `trang_thai`, `created_at`, `updated_at`) VALUES (\'\', \'minh\', \'NAM\', \'\', \'0912345678\', \'minh@gmail.com\', \'50000000\', \'2026-05-01\', \'8\', \'4\', \'ACTIVE\', \'2026-05-26 15:27:47\', \'2026-05-26 15:27:47\')', 0)
 2 SYSTEMPATH\Database\BaseConnection.php(910): CodeIgniter\Database\MySQLi\Connection->execute('INSERT INTO `nhan_vien` (`ma_nhan_vien`, `ho_ten`, `gioi_tinh`, `ngay_sinh`, `so_dien_thoai`, `email`, `luong`, `ngay_vao_lam`, `phong_ban_id`, `vai_tro_id`, `trang_thai`, `created_at`, `updated_at`) VALUES (\'\', \'minh\', \'NAM\', \'\', \'0912345678\', \'minh@gmail.com\', \'50000000\', \'2026-05-01\', \'8\', \'4\', \'ACTIVE\', \'2026-05-26 15:27:47\', \'2026-05-26 15:27:47\')')
 3 SYSTEMPATH\Database\BaseConnection.php(827): CodeIgniter\Database\BaseConnection->simpleQuery('INSERT INTO `nhan_vien` (`ma_nhan_vien`, `ho_ten`, `gioi_tinh`, `ngay_sinh`, `so_dien_thoai`, `email`, `luong`, `ngay_vao_lam`, `phong_ban_id`, `vai_tro_id`, `trang_thai`, `created_at`, `updated_at`) VALUES (\'\', \'minh\', \'NAM\', \'\', \'0912345678\', \'minh@gmail.com\', \'50000000\', \'2026-05-01\', \'8\', \'4\', \'ACTIVE\', \'2026-05-26 15:27:47\', \'2026-05-26 15:27:47\')')
 4 SYSTEMPATH\Database\BaseBuilder.php(2345): CodeIgniter\Database\BaseConnection->query('INSERT INTO `nhan_vien` (`ma_nhan_vien`, `ho_ten`, `gioi_tinh`, `ngay_sinh`, `so_dien_thoai`, `email`, `luong`, `ngay_vao_lam`, `phong_ban_id`, `vai_tro_id`, `trang_thai`, `created_at`, `updated_at`) VALUES (:ma_nhan_vien:, :ho_ten:, :gioi_tinh:, :ngay_sinh:, :so_dien_thoai:, :email:, :luong:, :ngay_vao_lam:, :phong_ban_id:, :vai_tro_id:, :trang_thai:, :created_at:, :updated_at:)', [...], false)
 5 SYSTEMPATH\Model.php(355): CodeIgniter\Database\BaseBuilder->insert()
 6 SYSTEMPATH\BaseModel.php(899): CodeIgniter\Model->doInsert([...])
 7 SYSTEMPATH\Model.php(668): CodeIgniter\BaseModel->insert([...], false)
 8 SYSTEMPATH\BaseModel.php(752): CodeIgniter\Model->insert([...], false)
 9 APPPATH\Controllers\NhanVienController.php(34): CodeIgniter\BaseModel->save([...])
10 SYSTEMPATH\CodeIgniter.php(951): App\Controllers\NhanVienController->store()
11 SYSTEMPATH\CodeIgniter.php(497): CodeIgniter\CodeIgniter->runController(Object(App\Controllers\NhanVienController))
12 SYSTEMPATH\CodeIgniter.php(340): CodeIgniter\CodeIgniter->handleRequest(null, Object(Config\Cache), false)
13 SYSTEMPATH\Boot.php(417): CodeIgniter\CodeIgniter->run()
14 SYSTEMPATH\Boot.php(68): CodeIgniter\Boot::runCodeIgniter(Object(CodeIgniter\CodeIgniter))
15 FCPATH\index.php(59): CodeIgniter\Boot::bootWeb(Object(Config\Paths))
CRITICAL - 2026-05-26 15:27:47 --> CodeIgniter\Database\Exceptions\DatabaseException: Duplicate entry '' for key 'ma_nhan_vien'
[Method: POST, Route: nhan_vien/store]
in SYSTEMPATH\Database\BaseConnection.php on line 865.
 1 SYSTEMPATH\Database\BaseBuilder.php(2345): CodeIgniter\Database\BaseConnection->query('INSERT INTO `nhan_vien` (`ma_nhan_vien`, `ho_ten`, `gioi_tinh`, `ngay_sinh`, `so_dien_thoai`, `email`, `luong`, `ngay_vao_lam`, `phong_ban_id`, `vai_tro_id`, `trang_thai`, `created_at`, `updated_at`) VALUES (:ma_nhan_vien:, :ho_ten:, :gioi_tinh:, :ngay_sinh:, :so_dien_thoai:, :email:, :luong:, :ngay_vao_lam:, :phong_ban_id:, :vai_tro_id:, :trang_thai:, :created_at:, :updated_at:)', [...], false)
 2 SYSTEMPATH\Model.php(355): CodeIgniter\Database\BaseBuilder->insert()
 3 SYSTEMPATH\BaseModel.php(899): CodeIgniter\Model->doInsert([...])
 4 SYSTEMPATH\Model.php(668): CodeIgniter\BaseModel->insert([...], false)
 5 SYSTEMPATH\BaseModel.php(752): CodeIgniter\Model->insert([...], false)
 6 APPPATH\Controllers\NhanVienController.php(34): CodeIgniter\BaseModel->save([...])
 7 SYSTEMPATH\CodeIgniter.php(951): App\Controllers\NhanVienController->store()
 8 SYSTEMPATH\CodeIgniter.php(497): CodeIgniter\CodeIgniter->runController(Object(App\Controllers\NhanVienController))
 9 SYSTEMPATH\CodeIgniter.php(340): CodeIgniter\CodeIgniter->handleRequest(null, Object(Config\Cache), false)
10 SYSTEMPATH\Boot.php(417): CodeIgniter\CodeIgniter->run()
11 SYSTEMPATH\Boot.php(68): CodeIgniter\Boot::runCodeIgniter(Object(CodeIgniter\CodeIgniter))
12 FCPATH\index.php(59): CodeIgniter\Boot::bootWeb(Object(Config\Paths))
CRITICAL - 2026-05-26 15:27:47 --> [Caused by] CodeIgniter\Database\Exceptions\DatabaseException: Duplicate entry '' for key 'ma_nhan_vien'
in SYSTEMPATH\Database\MySQLi\Connection.php on line 310.
 1 SYSTEMPATH\Database\BaseConnection.php(910): CodeIgniter\Database\MySQLi\Connection->execute('INSERT INTO `nhan_vien` (`ma_nhan_vien`, `ho_ten`, `gioi_tinh`, `ngay_sinh`, `so_dien_thoai`, `email`, `luong`, `ngay_vao_lam`, `phong_ban_id`, `vai_tro_id`, `trang_thai`, `created_at`, `updated_at`) VALUES (\'\', \'minh\', \'NAM\', \'\', \'0912345678\', \'minh@gmail.com\', \'50000000\', \'2026-05-01\', \'8\', \'4\', \'ACTIVE\', \'2026-05-26 15:27:47\', \'2026-05-26 15:27:47\')')
 2 SYSTEMPATH\Database\BaseConnection.php(827): CodeIgniter\Database\BaseConnection->simpleQuery('INSERT INTO `nhan_vien` (`ma_nhan_vien`, `ho_ten`, `gioi_tinh`, `ngay_sinh`, `so_dien_thoai`, `email`, `luong`, `ngay_vao_lam`, `phong_ban_id`, `vai_tro_id`, `trang_thai`, `created_at`, `updated_at`) VALUES (\'\', \'minh\', \'NAM\', \'\', \'0912345678\', \'minh@gmail.com\', \'50000000\', \'2026-05-01\', \'8\', \'4\', \'ACTIVE\', \'2026-05-26 15:27:47\', \'2026-05-26 15:27:47\')')
 3 SYSTEMPATH\Database\BaseBuilder.php(2345): CodeIgniter\Database\BaseConnection->query('INSERT INTO `nhan_vien` (`ma_nhan_vien`, `ho_ten`, `gioi_tinh`, `ngay_sinh`, `so_dien_thoai`, `email`, `luong`, `ngay_vao_lam`, `phong_ban_id`, `vai_tro_id`, `trang_thai`, `created_at`, `updated_at`) VALUES (:ma_nhan_vien:, :ho_ten:, :gioi_tinh:, :ngay_sinh:, :so_dien_thoai:, :email:, :luong:, :ngay_vao_lam:, :phong_ban_id:, :vai_tro_id:, :trang_thai:, :created_at:, :updated_at:)', [...], false)
 4 SYSTEMPATH\Model.php(355): CodeIgniter\Database\BaseBuilder->insert()
 5 SYSTEMPATH\BaseModel.php(899): CodeIgniter\Model->doInsert([...])
 6 SYSTEMPATH\Model.php(668): CodeIgniter\BaseModel->insert([...], false)
 7 SYSTEMPATH\BaseModel.php(752): CodeIgniter\Model->insert([...], false)
 8 APPPATH\Controllers\NhanVienController.php(34): CodeIgniter\BaseModel->save([...])
 9 SYSTEMPATH\CodeIgniter.php(951): App\Controllers\NhanVienController->store()
10 SYSTEMPATH\CodeIgniter.php(497): CodeIgniter\CodeIgniter->runController(Object(App\Controllers\NhanVienController))
11 SYSTEMPATH\CodeIgniter.php(340): CodeIgniter\CodeIgniter->handleRequest(null, Object(Config\Cache), false)
12 SYSTEMPATH\Boot.php(417): CodeIgniter\CodeIgniter->run()
13 SYSTEMPATH\Boot.php(68): CodeIgniter\Boot::runCodeIgniter(Object(CodeIgniter\CodeIgniter))
14 FCPATH\index.php(59): CodeIgniter\Boot::bootWeb(Object(Config\Paths))
CRITICAL - 2026-05-26 15:27:47 --> [Caused by] mysqli_sql_exception: Duplicate entry '' for key 'ma_nhan_vien'
in SYSTEMPATH\Database\MySQLi\Connection.php on line 300.
 1 SYSTEMPATH\Database\MySQLi\Connection.php(300): mysqli->query('INSERT INTO `nhan_vien` (`ma_nhan_vien`, `ho_ten`, `gioi_tinh`, `ngay_sinh`, `so_dien_thoai`, `email`, `luong`, `ngay_vao_lam`, `phong_ban_id`, `vai_tro_id`, `trang_thai`, `created_at`, `updated_at`) VALUES (\'\', \'minh\', \'NAM\', \'\', \'0912345678\', \'minh@gmail.com\', \'50000000\', \'2026-05-01\', \'8\', \'4\', \'ACTIVE\', \'2026-05-26 15:27:47\', \'2026-05-26 15:27:47\')', 0)
 2 SYSTEMPATH\Database\BaseConnection.php(910): CodeIgniter\Database\MySQLi\Connection->execute('INSERT INTO `nhan_vien` (`ma_nhan_vien`, `ho_ten`, `gioi_tinh`, `ngay_sinh`, `so_dien_thoai`, `email`, `luong`, `ngay_vao_lam`, `phong_ban_id`, `vai_tro_id`, `trang_thai`, `created_at`, `updated_at`) VALUES (\'\', \'minh\', \'NAM\', \'\', \'0912345678\', \'minh@gmail.com\', \'50000000\', \'2026-05-01\', \'8\', \'4\', \'ACTIVE\', \'2026-05-26 15:27:47\', \'2026-05-26 15:27:47\')')
 3 SYSTEMPATH\Database\BaseConnection.php(827): CodeIgniter\Database\BaseConnection->simpleQuery('INSERT INTO `nhan_vien` (`ma_nhan_vien`, `ho_ten`, `gioi_tinh`, `ngay_sinh`, `so_dien_thoai`, `email`, `luong`, `ngay_vao_lam`, `phong_ban_id`, `vai_tro_id`, `trang_thai`, `created_at`, `updated_at`) VALUES (\'\', \'minh\', \'NAM\', \'\', \'0912345678\', \'minh@gmail.com\', \'50000000\', \'2026-05-01\', \'8\', \'4\', \'ACTIVE\', \'2026-05-26 15:27:47\', \'2026-05-26 15:27:47\')')
 4 SYSTEMPATH\Database\BaseBuilder.php(2345): CodeIgniter\Database\BaseConnection->query('INSERT INTO `nhan_vien` (`ma_nhan_vien`, `ho_ten`, `gioi_tinh`, `ngay_sinh`, `so_dien_thoai`, `email`, `luong`, `ngay_vao_lam`, `phong_ban_id`, `vai_tro_id`, `trang_thai`, `created_at`, `updated_at`) VALUES (:ma_nhan_vien:, :ho_ten:, :gioi_tinh:, :ngay_sinh:, :so_dien_thoai:, :email:, :luong:, :ngay_vao_lam:, :phong_ban_id:, :vai_tro_id:, :trang_thai:, :created_at:, :updated_at:)', [...], false)
 5 SYSTEMPATH\Model.php(355): CodeIgniter\Database\BaseBuilder->insert()
 6 SYSTEMPATH\BaseModel.php(899): CodeIgniter\Model->doInsert([...])
 7 SYSTEMPATH\Model.php(668): CodeIgniter\BaseModel->insert([...], false)
 8 SYSTEMPATH\BaseModel.php(752): CodeIgniter\Model->insert([...], false)
 9 APPPATH\Controllers\NhanVienController.php(34): CodeIgniter\BaseModel->save([...])
10 SYSTEMPATH\CodeIgniter.php(951): App\Controllers\NhanVienController->store()
11 SYSTEMPATH\CodeIgniter.php(497): CodeIgniter\CodeIgniter->runController(Object(App\Controllers\NhanVienController))
12 SYSTEMPATH\CodeIgniter.php(340): CodeIgniter\CodeIgniter->handleRequest(null, Object(Config\Cache), false)
13 SYSTEMPATH\Boot.php(417): CodeIgniter\CodeIgniter->run()
14 SYSTEMPATH\Boot.php(68): CodeIgniter\Boot::runCodeIgniter(Object(CodeIgniter\CodeIgniter))
15 FCPATH\index.php(59): CodeIgniter\Boot::bootWeb(Object(Config\Paths))
DEBUG - 2026-05-26 15:28:29 --> Session: Class initialized using 'CodeIgniter\Session\Handlers\FileHandler' driver.
ERROR - 2026-05-26 15:28:29 --> Duplicate entry '0912345678' for key 'so_dien_thoai'
in SYSTEMPATH\Database\MySQLi\Connection.php on line 300.
 1 SYSTEMPATH\Database\MySQLi\Connection.php(300): mysqli->query('INSERT INTO `nhan_vien` (`ma_nhan_vien`, `ho_ten`, `gioi_tinh`, `ngay_sinh`, `so_dien_thoai`, `email`, `luong`, `ngay_vao_lam`, `phong_ban_id`, `vai_tro_id`, `trang_thai`, `created_at`, `updated_at`) VALUES (\'NV008\', \'minh\', \'NAM\', \'\', \'0912345678\', \'minh@gmail.com\', \'50000000\', \'2026-05-01\', \'8\', \'4\', \'ACTIVE\', \'2026-05-26 15:28:29\', \'2026-05-26 15:28:29\')', 0)
 2 SYSTEMPATH\Database\BaseConnection.php(910): CodeIgniter\Database\MySQLi\Connection->execute('INSERT INTO `nhan_vien` (`ma_nhan_vien`, `ho_ten`, `gioi_tinh`, `ngay_sinh`, `so_dien_thoai`, `email`, `luong`, `ngay_vao_lam`, `phong_ban_id`, `vai_tro_id`, `trang_thai`, `created_at`, `updated_at`) VALUES (\'NV008\', \'minh\', \'NAM\', \'\', \'0912345678\', \'minh@gmail.com\', \'50000000\', \'2026-05-01\', \'8\', \'4\', \'ACTIVE\', \'2026-05-26 15:28:29\', \'2026-05-26 15:28:29\')')
 3 SYSTEMPATH\Database\BaseConnection.php(827): CodeIgniter\Database\BaseConnection->simpleQuery('INSERT INTO `nhan_vien` (`ma_nhan_vien`, `ho_ten`, `gioi_tinh`, `ngay_sinh`, `so_dien_thoai`, `email`, `luong`, `ngay_vao_lam`, `phong_ban_id`, `vai_tro_id`, `trang_thai`, `created_at`, `updated_at`) VALUES (\'NV008\', \'minh\', \'NAM\', \'\', \'0912345678\', \'minh@gmail.com\', \'50000000\', \'2026-05-01\', \'8\', \'4\', \'ACTIVE\', \'2026-05-26 15:28:29\', \'2026-05-26 15:28:29\')')
 4 SYSTEMPATH\Database\BaseBuilder.php(2345): CodeIgniter\Database\BaseConnection->query('INSERT INTO `nhan_vien` (`ma_nhan_vien`, `ho_ten`, `gioi_tinh`, `ngay_sinh`, `so_dien_thoai`, `email`, `luong`, `ngay_vao_lam`, `phong_ban_id`, `vai_tro_id`, `trang_thai`, `created_at`, `updated_at`) VALUES (:ma_nhan_vien:, :ho_ten:, :gioi_tinh:, :ngay_sinh:, :so_dien_thoai:, :email:, :luong:, :ngay_vao_lam:, :phong_ban_id:, :vai_tro_id:, :trang_thai:, :created_at:, :updated_at:)', [...], false)
 5 SYSTEMPATH\Model.php(355): CodeIgniter\Database\BaseBuilder->insert()
 6 SYSTEMPATH\BaseModel.php(899): CodeIgniter\Model->doInsert([...])
 7 SYSTEMPATH\Model.php(668): CodeIgniter\BaseModel->insert([...], false)
 8 SYSTEMPATH\BaseModel.php(752): CodeIgniter\Model->insert([...], false)
 9 APPPATH\Controllers\NhanVienController.php(34): CodeIgniter\BaseModel->save([...])
10 SYSTEMPATH\CodeIgniter.php(951): App\Controllers\NhanVienController->store()
11 SYSTEMPATH\CodeIgniter.php(497): CodeIgniter\CodeIgniter->runController(Object(App\Controllers\NhanVienController))
12 SYSTEMPATH\CodeIgniter.php(340): CodeIgniter\CodeIgniter->handleRequest(null, Object(Config\Cache), false)
13 SYSTEMPATH\Boot.php(417): CodeIgniter\CodeIgniter->run()
14 SYSTEMPATH\Boot.php(68): CodeIgniter\Boot::runCodeIgniter(Object(CodeIgniter\CodeIgniter))
15 FCPATH\index.php(59): CodeIgniter\Boot::bootWeb(Object(Config\Paths))
CRITICAL - 2026-05-26 15:28:29 --> CodeIgniter\Database\Exceptions\DatabaseException: Duplicate entry '0912345678' for key 'so_dien_thoai'
[Method: POST, Route: nhan_vien/store]
in SYSTEMPATH\Database\BaseConnection.php on line 865.
 1 SYSTEMPATH\Database\BaseBuilder.php(2345): CodeIgniter\Database\BaseConnection->query('INSERT INTO `nhan_vien` (`ma_nhan_vien`, `ho_ten`, `gioi_tinh`, `ngay_sinh`, `so_dien_thoai`, `email`, `luong`, `ngay_vao_lam`, `phong_ban_id`, `vai_tro_id`, `trang_thai`, `created_at`, `updated_at`) VALUES (:ma_nhan_vien:, :ho_ten:, :gioi_tinh:, :ngay_sinh:, :so_dien_thoai:, :email:, :luong:, :ngay_vao_lam:, :phong_ban_id:, :vai_tro_id:, :trang_thai:, :created_at:, :updated_at:)', [...], false)
 2 SYSTEMPATH\Model.php(355): CodeIgniter\Database\BaseBuilder->insert()
 3 SYSTEMPATH\BaseModel.php(899): CodeIgniter\Model->doInsert([...])
 4 SYSTEMPATH\Model.php(668): CodeIgniter\BaseModel->insert([...], false)
 5 SYSTEMPATH\BaseModel.php(752): CodeIgniter\Model->insert([...], false)
 6 APPPATH\Controllers\NhanVienController.php(34): CodeIgniter\BaseModel->save([...])
 7 SYSTEMPATH\CodeIgniter.php(951): App\Controllers\NhanVienController->store()
 8 SYSTEMPATH\CodeIgniter.php(497): CodeIgniter\CodeIgniter->runController(Object(App\Controllers\NhanVienController))
 9 SYSTEMPATH\CodeIgniter.php(340): CodeIgniter\CodeIgniter->handleRequest(null, Object(Config\Cache), false)
10 SYSTEMPATH\Boot.php(417): CodeIgniter\CodeIgniter->run()
11 SYSTEMPATH\Boot.php(68): CodeIgniter\Boot::runCodeIgniter(Object(CodeIgniter\CodeIgniter))
12 FCPATH\index.php(59): CodeIgniter\Boot::bootWeb(Object(Config\Paths))
CRITICAL - 2026-05-26 15:28:29 --> [Caused by] CodeIgniter\Database\Exceptions\DatabaseException: Duplicate entry '0912345678' for key 'so_dien_thoai'
in SYSTEMPATH\Database\MySQLi\Connection.php on line 310.
 1 SYSTEMPATH\Database\BaseConnection.php(910): CodeIgniter\Database\MySQLi\Connection->execute('INSERT INTO `nhan_vien` (`ma_nhan_vien`, `ho_ten`, `gioi_tinh`, `ngay_sinh`, `so_dien_thoai`, `email`, `luong`, `ngay_vao_lam`, `phong_ban_id`, `vai_tro_id`, `trang_thai`, `created_at`, `updated_at`) VALUES (\'NV008\', \'minh\', \'NAM\', \'\', \'0912345678\', \'minh@gmail.com\', \'50000000\', \'2026-05-01\', \'8\', \'4\', \'ACTIVE\', \'2026-05-26 15:28:29\', \'2026-05-26 15:28:29\')')
 2 SYSTEMPATH\Database\BaseConnection.php(827): CodeIgniter\Database\BaseConnection->simpleQuery('INSERT INTO `nhan_vien` (`ma_nhan_vien`, `ho_ten`, `gioi_tinh`, `ngay_sinh`, `so_dien_thoai`, `email`, `luong`, `ngay_vao_lam`, `phong_ban_id`, `vai_tro_id`, `trang_thai`, `created_at`, `updated_at`) VALUES (\'NV008\', \'minh\', \'NAM\', \'\', \'0912345678\', \'minh@gmail.com\', \'50000000\', \'2026-05-01\', \'8\', \'4\', \'ACTIVE\', \'2026-05-26 15:28:29\', \'2026-05-26 15:28:29\')')
 3 SYSTEMPATH\Database\BaseBuilder.php(2345): CodeIgniter\Database\BaseConnection->query('INSERT INTO `nhan_vien` (`ma_nhan_vien`, `ho_ten`, `gioi_tinh`, `ngay_sinh`, `so_dien_thoai`, `email`, `luong`, `ngay_vao_lam`, `phong_ban_id`, `vai_tro_id`, `trang_thai`, `created_at`, `updated_at`) VALUES (:ma_nhan_vien:, :ho_ten:, :gioi_tinh:, :ngay_sinh:, :so_dien_thoai:, :email:, :luong:, :ngay_vao_lam:, :phong_ban_id:, :vai_tro_id:, :trang_thai:, :created_at:, :updated_at:)', [...], false)
 4 SYSTEMPATH\Model.php(355): CodeIgniter\Database\BaseBuilder->insert()
 5 SYSTEMPATH\BaseModel.php(899): CodeIgniter\Model->doInsert([...])
 6 SYSTEMPATH\Model.php(668): CodeIgniter\BaseModel->insert([...], false)
 7 SYSTEMPATH\BaseModel.php(752): CodeIgniter\Model->insert([...], false)
 8 APPPATH\Controllers\NhanVienController.php(34): CodeIgniter\BaseModel->save([...])
 9 SYSTEMPATH\CodeIgniter.php(951): App\Controllers\NhanVienController->store()
10 SYSTEMPATH\CodeIgniter.php(497): CodeIgniter\CodeIgniter->runController(Object(App\Controllers\NhanVienController))
11 SYSTEMPATH\CodeIgniter.php(340): CodeIgniter\CodeIgniter->handleRequest(null, Object(Config\Cache), false)
12 SYSTEMPATH\Boot.php(417): CodeIgniter\CodeIgniter->run()
13 SYSTEMPATH\Boot.php(68): CodeIgniter\Boot::runCodeIgniter(Object(CodeIgniter\CodeIgniter))
14 FCPATH\index.php(59): CodeIgniter\Boot::bootWeb(Object(Config\Paths))
CRITICAL - 2026-05-26 15:28:29 --> [Caused by] mysqli_sql_exception: Duplicate entry '0912345678' for key 'so_dien_thoai'
in SYSTEMPATH\Database\MySQLi\Connection.php on line 300.
 1 SYSTEMPATH\Database\MySQLi\Connection.php(300): mysqli->query('INSERT INTO `nhan_vien` (`ma_nhan_vien`, `ho_ten`, `gioi_tinh`, `ngay_sinh`, `so_dien_thoai`, `email`, `luong`, `ngay_vao_lam`, `phong_ban_id`, `vai_tro_id`, `trang_thai`, `created_at`, `updated_at`) VALUES (\'NV008\', \'minh\', \'NAM\', \'\', \'0912345678\', \'minh@gmail.com\', \'50000000\', \'2026-05-01\', \'8\', \'4\', \'ACTIVE\', \'2026-05-26 15:28:29\', \'2026-05-26 15:28:29\')', 0)
 2 SYSTEMPATH\Database\BaseConnection.php(910): CodeIgniter\Database\MySQLi\Connection->execute('INSERT INTO `nhan_vien` (`ma_nhan_vien`, `ho_ten`, `gioi_tinh`, `ngay_sinh`, `so_dien_thoai`, `email`, `luong`, `ngay_vao_lam`, `phong_ban_id`, `vai_tro_id`, `trang_thai`, `created_at`, `updated_at`) VALUES (\'NV008\', \'minh\', \'NAM\', \'\', \'0912345678\', \'minh@gmail.com\', \'50000000\', \'2026-05-01\', \'8\', \'4\', \'ACTIVE\', \'2026-05-26 15:28:29\', \'2026-05-26 15:28:29\')')
 3 SYSTEMPATH\Database\BaseConnection.php(827): CodeIgniter\Database\BaseConnection->simpleQuery('INSERT INTO `nhan_vien` (`ma_nhan_vien`, `ho_ten`, `gioi_tinh`, `ngay_sinh`, `so_dien_thoai`, `email`, `luong`, `ngay_vao_lam`, `phong_ban_id`, `vai_tro_id`, `trang_thai`, `created_at`, `updated_at`) VALUES (\'NV008\', \'minh\', \'NAM\', \'\', \'0912345678\', \'minh@gmail.com\', \'50000000\', \'2026-05-01\', \'8\', \'4\', \'ACTIVE\', \'2026-05-26 15:28:29\', \'2026-05-26 15:28:29\')')
 4 SYSTEMPATH\Database\BaseBuilder.php(2345): CodeIgniter\Database\BaseConnection->query('INSERT INTO `nhan_vien` (`ma_nhan_vien`, `ho_ten`, `gioi_tinh`, `ngay_sinh`, `so_dien_thoai`, `email`, `luong`, `ngay_vao_lam`, `phong_ban_id`, `vai_tro_id`, `trang_thai`, `created_at`, `updated_at`) VALUES (:ma_nhan_vien:, :ho_ten:, :gioi_tinh:, :ngay_sinh:, :so_dien_thoai:, :email:, :luong:, :ngay_vao_lam:, :phong_ban_id:, :vai_tro_id:, :trang_thai:, :created_at:, :updated_at:)', [...], false)
 5 SYSTEMPATH\Model.php(355): CodeIgniter\Database\BaseBuilder->insert()
 6 SYSTEMPATH\BaseModel.php(899): CodeIgniter\Model->doInsert([...])
 7 SYSTEMPATH\Model.php(668): CodeIgniter\BaseModel->insert([...], false)
 8 SYSTEMPATH\BaseModel.php(752): CodeIgniter\Model->insert([...], false)
 9 APPPATH\Controllers\NhanVienController.php(34): CodeIgniter\BaseModel->save([...])
10 SYSTEMPATH\CodeIgniter.php(951): App\Controllers\NhanVienController->store()
11 SYSTEMPATH\CodeIgniter.php(497): CodeIgniter\CodeIgniter->runController(Object(App\Controllers\NhanVienController))
12 SYSTEMPATH\CodeIgniter.php(340): CodeIgniter\CodeIgniter->handleRequest(null, Object(Config\Cache), false)
13 SYSTEMPATH\Boot.php(417): CodeIgniter\CodeIgniter->run()
14 SYSTEMPATH\Boot.php(68): CodeIgniter\Boot::runCodeIgniter(Object(CodeIgniter\CodeIgniter))
15 FCPATH\index.php(59): CodeIgniter\Boot::bootWeb(Object(Config\Paths))
DEBUG - 2026-05-26 15:28:37 --> Session: Class initialized using 'CodeIgniter\Session\Handlers\FileHandler' driver.
ERROR - 2026-05-26 15:28:37 --> Duplicate entry '0912345678' for key 'so_dien_thoai'
in SYSTEMPATH\Database\MySQLi\Connection.php on line 300.
 1 SYSTEMPATH\Database\MySQLi\Connection.php(300): mysqli->query('INSERT INTO `nhan_vien` (`ma_nhan_vien`, `ho_ten`, `gioi_tinh`, `ngay_sinh`, `so_dien_thoai`, `email`, `luong`, `ngay_vao_lam`, `phong_ban_id`, `vai_tro_id`, `trang_thai`, `created_at`, `updated_at`) VALUES (\'NV008\', \'minh\', \'NAM\', \'\', \'0912345678\', \'minh@gmail.com\', \'50000000\', \'2026-05-01\', \'8\', \'4\', \'ACTIVE\', \'2026-05-26 15:28:37\', \'2026-05-26 15:28:37\')', 0)
 2 SYSTEMPATH\Database\BaseConnection.php(910): CodeIgniter\Database\MySQLi\Connection->execute('INSERT INTO `nhan_vien` (`ma_nhan_vien`, `ho_ten`, `gioi_tinh`, `ngay_sinh`, `so_dien_thoai`, `email`, `luong`, `ngay_vao_lam`, `phong_ban_id`, `vai_tro_id`, `trang_thai`, `created_at`, `updated_at`) VALUES (\'NV008\', \'minh\', \'NAM\', \'\', \'0912345678\', \'minh@gmail.com\', \'50000000\', \'2026-05-01\', \'8\', \'4\', \'ACTIVE\', \'2026-05-26 15:28:37\', \'2026-05-26 15:28:37\')')
 3 SYSTEMPATH\Database\BaseConnection.php(827): CodeIgniter\Database\BaseConnection->simpleQuery('INSERT INTO `nhan_vien` (`ma_nhan_vien`, `ho_ten`, `gioi_tinh`, `ngay_sinh`, `so_dien_thoai`, `email`, `luong`, `ngay_vao_lam`, `phong_ban_id`, `vai_tro_id`, `trang_thai`, `created_at`, `updated_at`) VALUES (\'NV008\', \'minh\', \'NAM\', \'\', \'0912345678\', \'minh@gmail.com\', \'50000000\', \'2026-05-01\', \'8\', \'4\', \'ACTIVE\', \'2026-05-26 15:28:37\', \'2026-05-26 15:28:37\')')
 4 SYSTEMPATH\Database\BaseBuilder.php(2345): CodeIgniter\Database\BaseConnection->query('INSERT INTO `nhan_vien` (`ma_nhan_vien`, `ho_ten`, `gioi_tinh`, `ngay_sinh`, `so_dien_thoai`, `email`, `luong`, `ngay_vao_lam`, `phong_ban_id`, `vai_tro_id`, `trang_thai`, `created_at`, `updated_at`) VALUES (:ma_nhan_vien:, :ho_ten:, :gioi_tinh:, :ngay_sinh:, :so_dien_thoai:, :email:, :luong:, :ngay_vao_lam:, :phong_ban_id:, :vai_tro_id:, :trang_thai:, :created_at:, :updated_at:)', [...], false)
 5 SYSTEMPATH\Model.php(355): CodeIgniter\Database\BaseBuilder->insert()
 6 SYSTEMPATH\BaseModel.php(899): CodeIgniter\Model->doInsert([...])
 7 SYSTEMPATH\Model.php(668): CodeIgniter\BaseModel->insert([...], false)
 8 SYSTEMPATH\BaseModel.php(752): CodeIgniter\Model->insert([...], false)
 9 APPPATH\Controllers\NhanVienController.php(34): CodeIgniter\BaseModel->save([...])
10 SYSTEMPATH\CodeIgniter.php(951): App\Controllers\NhanVienController->store()
11 SYSTEMPATH\CodeIgniter.php(497): CodeIgniter\CodeIgniter->runController(Object(App\Controllers\NhanVienController))
12 SYSTEMPATH\CodeIgniter.php(340): CodeIgniter\CodeIgniter->handleRequest(null, Object(Config\Cache), false)
13 SYSTEMPATH\Boot.php(417): CodeIgniter\CodeIgniter->run()
14 SYSTEMPATH\Boot.php(68): CodeIgniter\Boot::runCodeIgniter(Object(CodeIgniter\CodeIgniter))
15 FCPATH\index.php(59): CodeIgniter\Boot::bootWeb(Object(Config\Paths))
CRITICAL - 2026-05-26 15:28:37 --> CodeIgniter\Database\Exceptions\DatabaseException: Duplicate entry '0912345678' for key 'so_dien_thoai'
[Method: POST, Route: nhan_vien/store]
in SYSTEMPATH\Database\BaseConnection.php on line 865.
 1 SYSTEMPATH\Database\BaseBuilder.php(2345): CodeIgniter\Database\BaseConnection->query('INSERT INTO `nhan_vien` (`ma_nhan_vien`, `ho_ten`, `gioi_tinh`, `ngay_sinh`, `so_dien_thoai`, `email`, `luong`, `ngay_vao_lam`, `phong_ban_id`, `vai_tro_id`, `trang_thai`, `created_at`, `updated_at`) VALUES (:ma_nhan_vien:, :ho_ten:, :gioi_tinh:, :ngay_sinh:, :so_dien_thoai:, :email:, :luong:, :ngay_vao_lam:, :phong_ban_id:, :vai_tro_id:, :trang_thai:, :created_at:, :updated_at:)', [...], false)
 2 SYSTEMPATH\Model.php(355): CodeIgniter\Database\BaseBuilder->insert()
 3 SYSTEMPATH\BaseModel.php(899): CodeIgniter\Model->doInsert([...])
 4 SYSTEMPATH\Model.php(668): CodeIgniter\BaseModel->insert([...], false)
 5 SYSTEMPATH\BaseModel.php(752): CodeIgniter\Model->insert([...], false)
 6 APPPATH\Controllers\NhanVienController.php(34): CodeIgniter\BaseModel->save([...])
 7 SYSTEMPATH\CodeIgniter.php(951): App\Controllers\NhanVienController->store()
 8 SYSTEMPATH\CodeIgniter.php(497): CodeIgniter\CodeIgniter->runController(Object(App\Controllers\NhanVienController))
 9 SYSTEMPATH\CodeIgniter.php(340): CodeIgniter\CodeIgniter->handleRequest(null, Object(Config\Cache), false)
10 SYSTEMPATH\Boot.php(417): CodeIgniter\CodeIgniter->run()
11 SYSTEMPATH\Boot.php(68): CodeIgniter\Boot::runCodeIgniter(Object(CodeIgniter\CodeIgniter))
12 FCPATH\index.php(59): CodeIgniter\Boot::bootWeb(Object(Config\Paths))
CRITICAL - 2026-05-26 15:28:37 --> [Caused by] CodeIgniter\Database\Exceptions\DatabaseException: Duplicate entry '0912345678' for key 'so_dien_thoai'
in SYSTEMPATH\Database\MySQLi\Connection.php on line 310.
 1 SYSTEMPATH\Database\BaseConnection.php(910): CodeIgniter\Database\MySQLi\Connection->execute('INSERT INTO `nhan_vien` (`ma_nhan_vien`, `ho_ten`, `gioi_tinh`, `ngay_sinh`, `so_dien_thoai`, `email`, `luong`, `ngay_vao_lam`, `phong_ban_id`, `vai_tro_id`, `trang_thai`, `created_at`, `updated_at`) VALUES (\'NV008\', \'minh\', \'NAM\', \'\', \'0912345678\', \'minh@gmail.com\', \'50000000\', \'2026-05-01\', \'8\', \'4\', \'ACTIVE\', \'2026-05-26 15:28:37\', \'2026-05-26 15:28:37\')')
 2 SYSTEMPATH\Database\BaseConnection.php(827): CodeIgniter\Database\BaseConnection->simpleQuery('INSERT INTO `nhan_vien` (`ma_nhan_vien`, `ho_ten`, `gioi_tinh`, `ngay_sinh`, `so_dien_thoai`, `email`, `luong`, `ngay_vao_lam`, `phong_ban_id`, `vai_tro_id`, `trang_thai`, `created_at`, `updated_at`) VALUES (\'NV008\', \'minh\', \'NAM\', \'\', \'0912345678\', \'minh@gmail.com\', \'50000000\', \'2026-05-01\', \'8\', \'4\', \'ACTIVE\', \'2026-05-26 15:28:37\', \'2026-05-26 15:28:37\')')
 3 SYSTEMPATH\Database\BaseBuilder.php(2345): CodeIgniter\Database\BaseConnection->query('INSERT INTO `nhan_vien` (`ma_nhan_vien`, `ho_ten`, `gioi_tinh`, `ngay_sinh`, `so_dien_thoai`, `email`, `luong`, `ngay_vao_lam`, `phong_ban_id`, `vai_tro_id`, `trang_thai`, `created_at`, `updated_at`) VALUES (:ma_nhan_vien:, :ho_ten:, :gioi_tinh:, :ngay_sinh:, :so_dien_thoai:, :email:, :luong:, :ngay_vao_lam:, :phong_ban_id:, :vai_tro_id:, :trang_thai:, :created_at:, :updated_at:)', [...], false)
 4 SYSTEMPATH\Model.php(355): CodeIgniter\Database\BaseBuilder->insert()
 5 SYSTEMPATH\BaseModel.php(899): CodeIgniter\Model->doInsert([...])
 6 SYSTEMPATH\Model.php(668): CodeIgniter\BaseModel->insert([...], false)
 7 SYSTEMPATH\BaseModel.php(752): CodeIgniter\Model->insert([...], false)
 8 APPPATH\Controllers\NhanVienController.php(34): CodeIgniter\BaseModel->save([...])
 9 SYSTEMPATH\CodeIgniter.php(951): App\Controllers\NhanVienController->store()
10 SYSTEMPATH\CodeIgniter.php(497): CodeIgniter\CodeIgniter->runController(Object(App\Controllers\NhanVienController))
11 SYSTEMPATH\CodeIgniter.php(340): CodeIgniter\CodeIgniter->handleRequest(null, Object(Config\Cache), false)
12 SYSTEMPATH\Boot.php(417): CodeIgniter\CodeIgniter->run()
13 SYSTEMPATH\Boot.php(68): CodeIgniter\Boot::runCodeIgniter(Object(CodeIgniter\CodeIgniter))
14 FCPATH\index.php(59): CodeIgniter\Boot::bootWeb(Object(Config\Paths))
CRITICAL - 2026-05-26 15:28:37 --> [Caused by] mysqli_sql_exception: Duplicate entry '0912345678' for key 'so_dien_thoai'
in SYSTEMPATH\Database\MySQLi\Connection.php on line 300.
 1 SYSTEMPATH\Database\MySQLi\Connection.php(300): mysqli->query('INSERT INTO `nhan_vien` (`ma_nhan_vien`, `ho_ten`, `gioi_tinh`, `ngay_sinh`, `so_dien_thoai`, `email`, `luong`, `ngay_vao_lam`, `phong_ban_id`, `vai_tro_id`, `trang_thai`, `created_at`, `updated_at`) VALUES (\'NV008\', \'minh\', \'NAM\', \'\', \'0912345678\', \'minh@gmail.com\', \'50000000\', \'2026-05-01\', \'8\', \'4\', \'ACTIVE\', \'2026-05-26 15:28:37\', \'2026-05-26 15:28:37\')', 0)
 2 SYSTEMPATH\Database\BaseConnection.php(910): CodeIgniter\Database\MySQLi\Connection->execute('INSERT INTO `nhan_vien` (`ma_nhan_vien`, `ho_ten`, `gioi_tinh`, `ngay_sinh`, `so_dien_thoai`, `email`, `luong`, `ngay_vao_lam`, `phong_ban_id`, `vai_tro_id`, `trang_thai`, `created_at`, `updated_at`) VALUES (\'NV008\', \'minh\', \'NAM\', \'\', \'0912345678\', \'minh@gmail.com\', \'50000000\', \'2026-05-01\', \'8\', \'4\', \'ACTIVE\', \'2026-05-26 15:28:37\', \'2026-05-26 15:28:37\')')
 3 SYSTEMPATH\Database\BaseConnection.php(827): CodeIgniter\Database\BaseConnection->simpleQuery('INSERT INTO `nhan_vien` (`ma_nhan_vien`, `ho_ten`, `gioi_tinh`, `ngay_sinh`, `so_dien_thoai`, `email`, `luong`, `ngay_vao_lam`, `phong_ban_id`, `vai_tro_id`, `trang_thai`, `created_at`, `updated_at`) VALUES (\'NV008\', \'minh\', \'NAM\', \'\', \'0912345678\', \'minh@gmail.com\', \'50000000\', \'2026-05-01\', \'8\', \'4\', \'ACTIVE\', \'2026-05-26 15:28:37\', \'2026-05-26 15:28:37\')')
 4 SYSTEMPATH\Database\BaseBuilder.php(2345): CodeIgniter\Database\BaseConnection->query('INSERT INTO `nhan_vien` (`ma_nhan_vien`, `ho_ten`, `gioi_tinh`, `ngay_sinh`, `so_dien_thoai`, `email`, `luong`, `ngay_vao_lam`, `phong_ban_id`, `vai_tro_id`, `trang_thai`, `created_at`, `updated_at`) VALUES (:ma_nhan_vien:, :ho_ten:, :gioi_tinh:, :ngay_sinh:, :so_dien_thoai:, :email:, :luong:, :ngay_vao_lam:, :phong_ban_id:, :vai_tro_id:, :trang_thai:, :created_at:, :updated_at:)', [...], false)
 5 SYSTEMPATH\Model.php(355): CodeIgniter\Database\BaseBuilder->insert()
 6 SYSTEMPATH\BaseModel.php(899): CodeIgniter\Model->doInsert([...])
 7 SYSTEMPATH\Model.php(668): CodeIgniter\BaseModel->insert([...], false)
 8 SYSTEMPATH\BaseModel.php(752): CodeIgniter\Model->insert([...], false)
 9 APPPATH\Controllers\NhanVienController.php(34): CodeIgniter\BaseModel->save([...])
10 SYSTEMPATH\CodeIgniter.php(951): App\Controllers\NhanVienController->store()
11 SYSTEMPATH\CodeIgniter.php(497): CodeIgniter\CodeIgniter->runController(Object(App\Controllers\NhanVienController))
12 SYSTEMPATH\CodeIgniter.php(340): CodeIgniter\CodeIgniter->handleRequest(null, Object(Config\Cache), false)
13 SYSTEMPATH\Boot.php(417): CodeIgniter\CodeIgniter->run()
14 SYSTEMPATH\Boot.php(68): CodeIgniter\Boot::runCodeIgniter(Object(CodeIgniter\CodeIgniter))
15 FCPATH\index.php(59): CodeIgniter\Boot::bootWeb(Object(Config\Paths))
DEBUG - 2026-05-26 15:28:52 --> Session: Class initialized using 'CodeIgniter\Session\Handlers\FileHandler' driver.
ERROR - 2026-05-26 15:28:52 --> Duplicate entry 'minh@gmail.com' for key 'email'
in SYSTEMPATH\Database\MySQLi\Connection.php on line 300.
 1 SYSTEMPATH\Database\MySQLi\Connection.php(300): mysqli->query('INSERT INTO `nhan_vien` (`ma_nhan_vien`, `ho_ten`, `gioi_tinh`, `ngay_sinh`, `so_dien_thoai`, `email`, `luong`, `ngay_vao_lam`, `phong_ban_id`, `vai_tro_id`, `trang_thai`, `created_at`, `updated_at`) VALUES (\'NV008\', \'minh\', \'NAM\', \'\', \'0912345670\', \'minh@gmail.com\', \'50000000\', \'2026-05-01\', \'8\', \'4\', \'ACTIVE\', \'2026-05-26 15:28:52\', \'2026-05-26 15:28:52\')', 0)
 2 SYSTEMPATH\Database\BaseConnection.php(910): CodeIgniter\Database\MySQLi\Connection->execute('INSERT INTO `nhan_vien` (`ma_nhan_vien`, `ho_ten`, `gioi_tinh`, `ngay_sinh`, `so_dien_thoai`, `email`, `luong`, `ngay_vao_lam`, `phong_ban_id`, `vai_tro_id`, `trang_thai`, `created_at`, `updated_at`) VALUES (\'NV008\', \'minh\', \'NAM\', \'\', \'0912345670\', \'minh@gmail.com\', \'50000000\', \'2026-05-01\', \'8\', \'4\', \'ACTIVE\', \'2026-05-26 15:28:52\', \'2026-05-26 15:28:52\')')
 3 SYSTEMPATH\Database\BaseConnection.php(827): CodeIgniter\Database\BaseConnection->simpleQuery('INSERT INTO `nhan_vien` (`ma_nhan_vien`, `ho_ten`, `gioi_tinh`, `ngay_sinh`, `so_dien_thoai`, `email`, `luong`, `ngay_vao_lam`, `phong_ban_id`, `vai_tro_id`, `trang_thai`, `created_at`, `updated_at`) VALUES (\'NV008\', \'minh\', \'NAM\', \'\', \'0912345670\', \'minh@gmail.com\', \'50000000\', \'2026-05-01\', \'8\', \'4\', \'ACTIVE\', \'2026-05-26 15:28:52\', \'2026-05-26 15:28:52\')')
 4 SYSTEMPATH\Database\BaseBuilder.php(2345): CodeIgniter\Database\BaseConnection->query('INSERT INTO `nhan_vien` (`ma_nhan_vien`, `ho_ten`, `gioi_tinh`, `ngay_sinh`, `so_dien_thoai`, `email`, `luong`, `ngay_vao_lam`, `phong_ban_id`, `vai_tro_id`, `trang_thai`, `created_at`, `updated_at`) VALUES (:ma_nhan_vien:, :ho_ten:, :gioi_tinh:, :ngay_sinh:, :so_dien_thoai:, :email:, :luong:, :ngay_vao_lam:, :phong_ban_id:, :vai_tro_id:, :trang_thai:, :created_at:, :updated_at:)', [...], false)
 5 SYSTEMPATH\Model.php(355): CodeIgniter\Database\BaseBuilder->insert()
 6 SYSTEMPATH\BaseModel.php(899): CodeIgniter\Model->doInsert([...])
 7 SYSTEMPATH\Model.php(668): CodeIgniter\BaseModel->insert([...], false)
 8 SYSTEMPATH\BaseModel.php(752): CodeIgniter\Model->insert([...], false)
 9 APPPATH\Controllers\NhanVienController.php(34): CodeIgniter\BaseModel->save([...])
10 SYSTEMPATH\CodeIgniter.php(951): App\Controllers\NhanVienController->store()
11 SYSTEMPATH\CodeIgniter.php(497): CodeIgniter\CodeIgniter->runController(Object(App\Controllers\NhanVienController))
12 SYSTEMPATH\CodeIgniter.php(340): CodeIgniter\CodeIgniter->handleRequest(null, Object(Config\Cache), false)
13 SYSTEMPATH\Boot.php(417): CodeIgniter\CodeIgniter->run()
14 SYSTEMPATH\Boot.php(68): CodeIgniter\Boot::runCodeIgniter(Object(CodeIgniter\CodeIgniter))
15 FCPATH\index.php(59): CodeIgniter\Boot::bootWeb(Object(Config\Paths))
CRITICAL - 2026-05-26 15:28:52 --> CodeIgniter\Database\Exceptions\DatabaseException: Duplicate entry 'minh@gmail.com' for key 'email'
[Method: POST, Route: nhan_vien/store]
in SYSTEMPATH\Database\BaseConnection.php on line 865.
 1 SYSTEMPATH\Database\BaseBuilder.php(2345): CodeIgniter\Database\BaseConnection->query('INSERT INTO `nhan_vien` (`ma_nhan_vien`, `ho_ten`, `gioi_tinh`, `ngay_sinh`, `so_dien_thoai`, `email`, `luong`, `ngay_vao_lam`, `phong_ban_id`, `vai_tro_id`, `trang_thai`, `created_at`, `updated_at`) VALUES (:ma_nhan_vien:, :ho_ten:, :gioi_tinh:, :ngay_sinh:, :so_dien_thoai:, :email:, :luong:, :ngay_vao_lam:, :phong_ban_id:, :vai_tro_id:, :trang_thai:, :created_at:, :updated_at:)', [...], false)
 2 SYSTEMPATH\Model.php(355): CodeIgniter\Database\BaseBuilder->insert()
 3 SYSTEMPATH\BaseModel.php(899): CodeIgniter\Model->doInsert([...])
 4 SYSTEMPATH\Model.php(668): CodeIgniter\BaseModel->insert([...], false)
 5 SYSTEMPATH\BaseModel.php(752): CodeIgniter\Model->insert([...], false)
 6 APPPATH\Controllers\NhanVienController.php(34): CodeIgniter\BaseModel->save([...])
 7 SYSTEMPATH\CodeIgniter.php(951): App\Controllers\NhanVienController->store()
 8 SYSTEMPATH\CodeIgniter.php(497): CodeIgniter\CodeIgniter->runController(Object(App\Controllers\NhanVienController))
 9 SYSTEMPATH\CodeIgniter.php(340): CodeIgniter\CodeIgniter->handleRequest(null, Object(Config\Cache), false)
10 SYSTEMPATH\Boot.php(417): CodeIgniter\CodeIgniter->run()
11 SYSTEMPATH\Boot.php(68): CodeIgniter\Boot::runCodeIgniter(Object(CodeIgniter\CodeIgniter))
12 FCPATH\index.php(59): CodeIgniter\Boot::bootWeb(Object(Config\Paths))
CRITICAL - 2026-05-26 15:28:52 --> [Caused by] CodeIgniter\Database\Exceptions\DatabaseException: Duplicate entry 'minh@gmail.com' for key 'email'
in SYSTEMPATH\Database\MySQLi\Connection.php on line 310.
 1 SYSTEMPATH\Database\BaseConnection.php(910): CodeIgniter\Database\MySQLi\Connection->execute('INSERT INTO `nhan_vien` (`ma_nhan_vien`, `ho_ten`, `gioi_tinh`, `ngay_sinh`, `so_dien_thoai`, `email`, `luong`, `ngay_vao_lam`, `phong_ban_id`, `vai_tro_id`, `trang_thai`, `created_at`, `updated_at`) VALUES (\'NV008\', \'minh\', \'NAM\', \'\', \'0912345670\', \'minh@gmail.com\', \'50000000\', \'2026-05-01\', \'8\', \'4\', \'ACTIVE\', \'2026-05-26 15:28:52\', \'2026-05-26 15:28:52\')')
 2 SYSTEMPATH\Database\BaseConnection.php(827): CodeIgniter\Database\BaseConnection->simpleQuery('INSERT INTO `nhan_vien` (`ma_nhan_vien`, `ho_ten`, `gioi_tinh`, `ngay_sinh`, `so_dien_thoai`, `email`, `luong`, `ngay_vao_lam`, `phong_ban_id`, `vai_tro_id`, `trang_thai`, `created_at`, `updated_at`) VALUES (\'NV008\', \'minh\', \'NAM\', \'\', \'0912345670\', \'minh@gmail.com\', \'50000000\', \'2026-05-01\', \'8\', \'4\', \'ACTIVE\', \'2026-05-26 15:28:52\', \'2026-05-26 15:28:52\')')
 3 SYSTEMPATH\Database\BaseBuilder.php(2345): CodeIgniter\Database\BaseConnection->query('INSERT INTO `nhan_vien` (`ma_nhan_vien`, `ho_ten`, `gioi_tinh`, `ngay_sinh`, `so_dien_thoai`, `email`, `luong`, `ngay_vao_lam`, `phong_ban_id`, `vai_tro_id`, `trang_thai`, `created_at`, `updated_at`) VALUES (:ma_nhan_vien:, :ho_ten:, :gioi_tinh:, :ngay_sinh:, :so_dien_thoai:, :email:, :luong:, :ngay_vao_lam:, :phong_ban_id:, :vai_tro_id:, :trang_thai:, :created_at:, :updated_at:)', [...], false)
 4 SYSTEMPATH\Model.php(355): CodeIgniter\Database\BaseBuilder->insert()
 5 SYSTEMPATH\BaseModel.php(899): CodeIgniter\Model->doInsert([...])
 6 SYSTEMPATH\Model.php(668): CodeIgniter\BaseModel->insert([...], false)
 7 SYSTEMPATH\BaseModel.php(752): CodeIgniter\Model->insert([...], false)
 8 APPPATH\Controllers\NhanVienController.php(34): CodeIgniter\BaseModel->save([...])
 9 SYSTEMPATH\CodeIgniter.php(951): App\Controllers\NhanVienController->store()
10 SYSTEMPATH\CodeIgniter.php(497): CodeIgniter\CodeIgniter->runController(Object(App\Controllers\NhanVienController))
11 SYSTEMPATH\CodeIgniter.php(340): CodeIgniter\CodeIgniter->handleRequest(null, Object(Config\Cache), false)
12 SYSTEMPATH\Boot.php(417): CodeIgniter\CodeIgniter->run()
13 SYSTEMPATH\Boot.php(68): CodeIgniter\Boot::runCodeIgniter(Object(CodeIgniter\CodeIgniter))
14 FCPATH\index.php(59): CodeIgniter\Boot::bootWeb(Object(Config\Paths))
CRITICAL - 2026-05-26 15:28:52 --> [Caused by] mysqli_sql_exception: Duplicate entry 'minh@gmail.com' for key 'email'
in SYSTEMPATH\Database\MySQLi\Connection.php on line 300.
 1 SYSTEMPATH\Database\MySQLi\Connection.php(300): mysqli->query('INSERT INTO `nhan_vien` (`ma_nhan_vien`, `ho_ten`, `gioi_tinh`, `ngay_sinh`, `so_dien_thoai`, `email`, `luong`, `ngay_vao_lam`, `phong_ban_id`, `vai_tro_id`, `trang_thai`, `created_at`, `updated_at`) VALUES (\'NV008\', \'minh\', \'NAM\', \'\', \'0912345670\', \'minh@gmail.com\', \'50000000\', \'2026-05-01\', \'8\', \'4\', \'ACTIVE\', \'2026-05-26 15:28:52\', \'2026-05-26 15:28:52\')', 0)
 2 SYSTEMPATH\Database\BaseConnection.php(910): CodeIgniter\Database\MySQLi\Connection->execute('INSERT INTO `nhan_vien` (`ma_nhan_vien`, `ho_ten`, `gioi_tinh`, `ngay_sinh`, `so_dien_thoai`, `email`, `luong`, `ngay_vao_lam`, `phong_ban_id`, `vai_tro_id`, `trang_thai`, `created_at`, `updated_at`) VALUES (\'NV008\', \'minh\', \'NAM\', \'\', \'0912345670\', \'minh@gmail.com\', \'50000000\', \'2026-05-01\', \'8\', \'4\', \'ACTIVE\', \'2026-05-26 15:28:52\', \'2026-05-26 15:28:52\')')
 3 SYSTEMPATH\Database\BaseConnection.php(827): CodeIgniter\Database\BaseConnection->simpleQuery('INSERT INTO `nhan_vien` (`ma_nhan_vien`, `ho_ten`, `gioi_tinh`, `ngay_sinh`, `so_dien_thoai`, `email`, `luong`, `ngay_vao_lam`, `phong_ban_id`, `vai_tro_id`, `trang_thai`, `created_at`, `updated_at`) VALUES (\'NV008\', \'minh\', \'NAM\', \'\', \'0912345670\', \'minh@gmail.com\', \'50000000\', \'2026-05-01\', \'8\', \'4\', \'ACTIVE\', \'2026-05-26 15:28:52\', \'2026-05-26 15:28:52\')')
 4 SYSTEMPATH\Database\BaseBuilder.php(2345): CodeIgniter\Database\BaseConnection->query('INSERT INTO `nhan_vien` (`ma_nhan_vien`, `ho_ten`, `gioi_tinh`, `ngay_sinh`, `so_dien_thoai`, `email`, `luong`, `ngay_vao_lam`, `phong_ban_id`, `vai_tro_id`, `trang_thai`, `created_at`, `updated_at`) VALUES (:ma_nhan_vien:, :ho_ten:, :gioi_tinh:, :ngay_sinh:, :so_dien_thoai:, :email:, :luong:, :ngay_vao_lam:, :phong_ban_id:, :vai_tro_id:, :trang_thai:, :created_at:, :updated_at:)', [...], false)
 5 SYSTEMPATH\Model.php(355): CodeIgniter\Database\BaseBuilder->insert()
 6 SYSTEMPATH\BaseModel.php(899): CodeIgniter\Model->doInsert([...])
 7 SYSTEMPATH\Model.php(668): CodeIgniter\BaseModel->insert([...], false)
 8 SYSTEMPATH\BaseModel.php(752): CodeIgniter\Model->insert([...], false)
 9 APPPATH\Controllers\NhanVienController.php(34): CodeIgniter\BaseModel->save([...])
10 SYSTEMPATH\CodeIgniter.php(951): App\Controllers\NhanVienController->store()
11 SYSTEMPATH\CodeIgniter.php(497): CodeIgniter\CodeIgniter->runController(Object(App\Controllers\NhanVienController))
12 SYSTEMPATH\CodeIgniter.php(340): CodeIgniter\CodeIgniter->handleRequest(null, Object(Config\Cache), false)
13 SYSTEMPATH\Boot.php(417): CodeIgniter\CodeIgniter->run()
14 SYSTEMPATH\Boot.php(68): CodeIgniter\Boot::runCodeIgniter(Object(CodeIgniter\CodeIgniter))
15 FCPATH\index.php(59): CodeIgniter\Boot::bootWeb(Object(Config\Paths))
DEBUG - 2026-05-26 15:29:06 --> Session: Class initialized using 'CodeIgniter\Session\Handlers\FileHandler' driver.
DEBUG - 2026-05-26 15:29:49 --> Session: Class initialized using 'CodeIgniter\Session\Handlers\FileHandler' driver.
DEBUG - 2026-05-26 15:45:42 --> Session: Class initialized using 'CodeIgniter\Session\Handlers\FileHandler' driver.
DEBUG - 2026-05-26 15:46:31 --> Session: Class initialized using 'CodeIgniter\Session\Handlers\FileHandler' driver.
DEBUG - 2026-05-26 15:47:01 --> Session: Class initialized using 'CodeIgniter\Session\Handlers\FileHandler' driver.
DEBUG - 2026-05-26 15:47:50 --> Session: Class initialized using 'CodeIgniter\Session\Handlers\FileHandler' driver.
DEBUG - 2026-05-26 15:47:51 --> Session: Class initialized using 'CodeIgniter\Session\Handlers\FileHandler' driver.
ERROR - 2026-05-26 15:47:51 --> Cannot delete or update a parent row: a foreign key constraint fails (`ci4_quan_ly_nhan_su`.`khen_thuong_ky_luat`, CONSTRAINT `fk_ktkl_nhan_vien` FOREIGN KEY (`nhan_vien_id`) REFERENCES `nhan_vien` (`nhan_vien_id`))
in SYSTEMPATH\Database\MySQLi\Connection.php on line 300.
 1 SYSTEMPATH\Database\MySQLi\Connection.php(300): mysqli->query('DELETE FROM `nhan_vien`
WHERE `nhan_vien_id` IN (\'7\')', 0)
 2 SYSTEMPATH\Database\BaseConnection.php(910): CodeIgniter\Database\MySQLi\Connection->execute('DELETE FROM `nhan_vien`
WHERE `nhan_vien_id` IN (\'7\')')
 3 SYSTEMPATH\Database\BaseConnection.php(827): CodeIgniter\Database\BaseConnection->simpleQuery('DELETE FROM `nhan_vien`
WHERE `nhan_vien_id` IN (\'7\')')
 4 SYSTEMPATH\Database\BaseBuilder.php(2848): CodeIgniter\Database\BaseConnection->query('DELETE FROM `nhan_vien`
WHERE `nhan_vien_id` IN :nhan_vien_id:', [...], false)
 5 SYSTEMPATH\Model.php(441): CodeIgniter\Database\BaseBuilder->delete()
 6 SYSTEMPATH\BaseModel.php(1207): CodeIgniter\Model->doDelete([...], false)
 7 APPPATH\Controllers\NhanVienController.php(116): CodeIgniter\BaseModel->delete([...])
 8 SYSTEMPATH\CodeIgniter.php(951): App\Controllers\NhanVienController->delete('7')
 9 SYSTEMPATH\CodeIgniter.php(497): CodeIgniter\CodeIgniter->runController(Object(App\Controllers\NhanVienController))
10 SYSTEMPATH\CodeIgniter.php(340): CodeIgniter\CodeIgniter->handleRequest(null, Object(Config\Cache), false)
11 SYSTEMPATH\Boot.php(417): CodeIgniter\CodeIgniter->run()
12 SYSTEMPATH\Boot.php(68): CodeIgniter\Boot::runCodeIgniter(Object(CodeIgniter\CodeIgniter))
13 FCPATH\index.php(59): CodeIgniter\Boot::bootWeb(Object(Config\Paths))
CRITICAL - 2026-05-26 15:47:51 --> CodeIgniter\Database\Exceptions\DatabaseException: Cannot delete or update a parent row: a foreign key constraint fails (`ci4_quan_ly_nhan_su`.`khen_thuong_ky_luat`, CONSTRAINT `fk_ktkl_nhan_vien` FOREIGN KEY (`nhan_vien_id`) REFERENCES `nhan_vien` (`nhan_vien_id`))
[Method: GET, Route: nhan_vien/delete/7]
in SYSTEMPATH\Database\BaseConnection.php on line 865.
 1 SYSTEMPATH\Database\BaseBuilder.php(2848): CodeIgniter\Database\BaseConnection->query('DELETE FROM `nhan_vien`
WHERE `nhan_vien_id` IN :nhan_vien_id:', [...], false)
 2 SYSTEMPATH\Model.php(441): CodeIgniter\Database\BaseBuilder->delete()
 3 SYSTEMPATH\BaseModel.php(1207): CodeIgniter\Model->doDelete([...], false)
 4 APPPATH\Controllers\NhanVienController.php(116): CodeIgniter\BaseModel->delete([...])
 5 SYSTEMPATH\CodeIgniter.php(951): App\Controllers\NhanVienController->delete('7')
 6 SYSTEMPATH\CodeIgniter.php(497): CodeIgniter\CodeIgniter->runController(Object(App\Controllers\NhanVienController))
 7 SYSTEMPATH\CodeIgniter.php(340): CodeIgniter\CodeIgniter->handleRequest(null, Object(Config\Cache), false)
 8 SYSTEMPATH\Boot.php(417): CodeIgniter\CodeIgniter->run()
 9 SYSTEMPATH\Boot.php(68): CodeIgniter\Boot::runCodeIgniter(Object(CodeIgniter\CodeIgniter))
10 FCPATH\index.php(59): CodeIgniter\Boot::bootWeb(Object(Config\Paths))
CRITICAL - 2026-05-26 15:47:51 --> [Caused by] CodeIgniter\Database\Exceptions\DatabaseException: Cannot delete or update a parent row: a foreign key constraint fails (`ci4_quan_ly_nhan_su`.`khen_thuong_ky_luat`, CONSTRAINT `fk_ktkl_nhan_vien` FOREIGN KEY (`nhan_vien_id`) REFERENCES `nhan_vien` (`nhan_vien_id`))
in SYSTEMPATH\Database\MySQLi\Connection.php on line 310.
 1 SYSTEMPATH\Database\BaseConnection.php(910): CodeIgniter\Database\MySQLi\Connection->execute('DELETE FROM `nhan_vien`
WHERE `nhan_vien_id` IN (\'7\')')
 2 SYSTEMPATH\Database\BaseConnection.php(827): CodeIgniter\Database\BaseConnection->simpleQuery('DELETE FROM `nhan_vien`
WHERE `nhan_vien_id` IN (\'7\')')
 3 SYSTEMPATH\Database\BaseBuilder.php(2848): CodeIgniter\Database\BaseConnection->query('DELETE FROM `nhan_vien`
WHERE `nhan_vien_id` IN :nhan_vien_id:', [...], false)
 4 SYSTEMPATH\Model.php(441): CodeIgniter\Database\BaseBuilder->delete()
 5 SYSTEMPATH\BaseModel.php(1207): CodeIgniter\Model->doDelete([...], false)
 6 APPPATH\Controllers\NhanVienController.php(116): CodeIgniter\BaseModel->delete([...])
 7 SYSTEMPATH\CodeIgniter.php(951): App\Controllers\NhanVienController->delete('7')
 8 SYSTEMPATH\CodeIgniter.php(497): CodeIgniter\CodeIgniter->runController(Object(App\Controllers\NhanVienController))
 9 SYSTEMPATH\CodeIgniter.php(340): CodeIgniter\CodeIgniter->handleRequest(null, Object(Config\Cache), false)
10 SYSTEMPATH\Boot.php(417): CodeIgniter\CodeIgniter->run()
11 SYSTEMPATH\Boot.php(68): CodeIgniter\Boot::runCodeIgniter(Object(CodeIgniter\CodeIgniter))
12 FCPATH\index.php(59): CodeIgniter\Boot::bootWeb(Object(Config\Paths))
CRITICAL - 2026-05-26 15:47:51 --> [Caused by] mysqli_sql_exception: Cannot delete or update a parent row: a foreign key constraint fails (`ci4_quan_ly_nhan_su`.`khen_thuong_ky_luat`, CONSTRAINT `fk_ktkl_nhan_vien` FOREIGN KEY (`nhan_vien_id`) REFERENCES `nhan_vien` (`nhan_vien_id`))
in SYSTEMPATH\Database\MySQLi\Connection.php on line 300.
 1 SYSTEMPATH\Database\MySQLi\Connection.php(300): mysqli->query('DELETE FROM `nhan_vien`
WHERE `nhan_vien_id` IN (\'7\')', 0)
 2 SYSTEMPATH\Database\BaseConnection.php(910): CodeIgniter\Database\MySQLi\Connection->execute('DELETE FROM `nhan_vien`
WHERE `nhan_vien_id` IN (\'7\')')
 3 SYSTEMPATH\Database\BaseConnection.php(827): CodeIgniter\Database\BaseConnection->simpleQuery('DELETE FROM `nhan_vien`
WHERE `nhan_vien_id` IN (\'7\')')
 4 SYSTEMPATH\Database\BaseBuilder.php(2848): CodeIgniter\Database\BaseConnection->query('DELETE FROM `nhan_vien`
WHERE `nhan_vien_id` IN :nhan_vien_id:', [...], false)
 5 SYSTEMPATH\Model.php(441): CodeIgniter\Database\BaseBuilder->delete()
 6 SYSTEMPATH\BaseModel.php(1207): CodeIgniter\Model->doDelete([...], false)
 7 APPPATH\Controllers\NhanVienController.php(116): CodeIgniter\BaseModel->delete([...])
 8 SYSTEMPATH\CodeIgniter.php(951): App\Controllers\NhanVienController->delete('7')
 9 SYSTEMPATH\CodeIgniter.php(497): CodeIgniter\CodeIgniter->runController(Object(App\Controllers\NhanVienController))
10 SYSTEMPATH\CodeIgniter.php(340): CodeIgniter\CodeIgniter->handleRequest(null, Object(Config\Cache), false)
11 SYSTEMPATH\Boot.php(417): CodeIgniter\CodeIgniter->run()
12 SYSTEMPATH\Boot.php(68): CodeIgniter\Boot::runCodeIgniter(Object(CodeIgniter\CodeIgniter))
13 FCPATH\index.php(59): CodeIgniter\Boot::bootWeb(Object(Config\Paths))
DEBUG - 2026-05-26 15:48:13 --> Session: Class initialized using 'CodeIgniter\Session\Handlers\FileHandler' driver.
DEBUG - 2026-05-26 15:49:36 --> Session: Class initialized using 'CodeIgniter\Session\Handlers\FileHandler' driver.
DEBUG - 2026-05-26 15:49:38 --> Session: Class initialized using 'CodeIgniter\Session\Handlers\FileHandler' driver.
DEBUG - 2026-05-26 15:50:01 --> Session: Class initialized using 'CodeIgniter\Session\Handlers\FileHandler' driver.
ERROR - 2026-05-26 15:50:01 --> Cannot delete or update a parent row: a foreign key constraint fails (`ci4_quan_ly_nhan_su`.`khen_thuong_ky_luat`, CONSTRAINT `fk_ktkl_nhan_vien` FOREIGN KEY (`nhan_vien_id`) REFERENCES `nhan_vien` (`nhan_vien_id`))
in SYSTEMPATH\Database\MySQLi\Connection.php on line 300.
 1 SYSTEMPATH\Database\MySQLi\Connection.php(300): mysqli->query('DELETE FROM `nhan_vien`
WHERE `nhan_vien_id` IN (\'7\')', 0)
 2 SYSTEMPATH\Database\BaseConnection.php(910): CodeIgniter\Database\MySQLi\Connection->execute('DELETE FROM `nhan_vien`
WHERE `nhan_vien_id` IN (\'7\')')
 3 SYSTEMPATH\Database\BaseConnection.php(827): CodeIgniter\Database\BaseConnection->simpleQuery('DELETE FROM `nhan_vien`
WHERE `nhan_vien_id` IN (\'7\')')
 4 SYSTEMPATH\Database\BaseBuilder.php(2848): CodeIgniter\Database\BaseConnection->query('DELETE FROM `nhan_vien`
WHERE `nhan_vien_id` IN :nhan_vien_id:', [...], false)
 5 SYSTEMPATH\Model.php(441): CodeIgniter\Database\BaseBuilder->delete()
 6 SYSTEMPATH\BaseModel.php(1207): CodeIgniter\Model->doDelete([...], false)
 7 APPPATH\Controllers\NhanVienController.php(116): CodeIgniter\BaseModel->delete([...])
 8 SYSTEMPATH\CodeIgniter.php(951): App\Controllers\NhanVienController->delete('7')
 9 SYSTEMPATH\CodeIgniter.php(497): CodeIgniter\CodeIgniter->runController(Object(App\Controllers\NhanVienController))
10 SYSTEMPATH\CodeIgniter.php(340): CodeIgniter\CodeIgniter->handleRequest(null, Object(Config\Cache), false)
11 SYSTEMPATH\Boot.php(417): CodeIgniter\CodeIgniter->run()
12 SYSTEMPATH\Boot.php(68): CodeIgniter\Boot::runCodeIgniter(Object(CodeIgniter\CodeIgniter))
13 FCPATH\index.php(59): CodeIgniter\Boot::bootWeb(Object(Config\Paths))
CRITICAL - 2026-05-26 15:50:01 --> CodeIgniter\Database\Exceptions\DatabaseException: Cannot delete or update a parent row: a foreign key constraint fails (`ci4_quan_ly_nhan_su`.`khen_thuong_ky_luat`, CONSTRAINT `fk_ktkl_nhan_vien` FOREIGN KEY (`nhan_vien_id`) REFERENCES `nhan_vien` (`nhan_vien_id`))
[Method: GET, Route: nhan_vien/delete/7]
in SYSTEMPATH\Database\BaseConnection.php on line 865.
 1 SYSTEMPATH\Database\BaseBuilder.php(2848): CodeIgniter\Database\BaseConnection->query('DELETE FROM `nhan_vien`
WHERE `nhan_vien_id` IN :nhan_vien_id:', [...], false)
 2 SYSTEMPATH\Model.php(441): CodeIgniter\Database\BaseBuilder->delete()
 3 SYSTEMPATH\BaseModel.php(1207): CodeIgniter\Model->doDelete([...], false)
 4 APPPATH\Controllers\NhanVienController.php(116): CodeIgniter\BaseModel->delete([...])
 5 SYSTEMPATH\CodeIgniter.php(951): App\Controllers\NhanVienController->delete('7')
 6 SYSTEMPATH\CodeIgniter.php(497): CodeIgniter\CodeIgniter->runController(Object(App\Controllers\NhanVienController))
 7 SYSTEMPATH\CodeIgniter.php(340): CodeIgniter\CodeIgniter->handleRequest(null, Object(Config\Cache), false)
 8 SYSTEMPATH\Boot.php(417): CodeIgniter\CodeIgniter->run()
 9 SYSTEMPATH\Boot.php(68): CodeIgniter\Boot::runCodeIgniter(Object(CodeIgniter\CodeIgniter))
10 FCPATH\index.php(59): CodeIgniter\Boot::bootWeb(Object(Config\Paths))
CRITICAL - 2026-05-26 15:50:01 --> [Caused by] CodeIgniter\Database\Exceptions\DatabaseException: Cannot delete or update a parent row: a foreign key constraint fails (`ci4_quan_ly_nhan_su`.`khen_thuong_ky_luat`, CONSTRAINT `fk_ktkl_nhan_vien` FOREIGN KEY (`nhan_vien_id`) REFERENCES `nhan_vien` (`nhan_vien_id`))
in SYSTEMPATH\Database\MySQLi\Connection.php on line 310.
 1 SYSTEMPATH\Database\BaseConnection.php(910): CodeIgniter\Database\MySQLi\Connection->execute('DELETE FROM `nhan_vien`
WHERE `nhan_vien_id` IN (\'7\')')
 2 SYSTEMPATH\Database\BaseConnection.php(827): CodeIgniter\Database\BaseConnection->simpleQuery('DELETE FROM `nhan_vien`
WHERE `nhan_vien_id` IN (\'7\')')
 3 SYSTEMPATH\Database\BaseBuilder.php(2848): CodeIgniter\Database\BaseConnection->query('DELETE FROM `nhan_vien`
WHERE `nhan_vien_id` IN :nhan_vien_id:', [...], false)
 4 SYSTEMPATH\Model.php(441): CodeIgniter\Database\BaseBuilder->delete()
 5 SYSTEMPATH\BaseModel.php(1207): CodeIgniter\Model->doDelete([...], false)
 6 APPPATH\Controllers\NhanVienController.php(116): CodeIgniter\BaseModel->delete([...])
 7 SYSTEMPATH\CodeIgniter.php(951): App\Controllers\NhanVienController->delete('7')
 8 SYSTEMPATH\CodeIgniter.php(497): CodeIgniter\CodeIgniter->runController(Object(App\Controllers\NhanVienController))
 9 SYSTEMPATH\CodeIgniter.php(340): CodeIgniter\CodeIgniter->handleRequest(null, Object(Config\Cache), false)
10 SYSTEMPATH\Boot.php(417): CodeIgniter\CodeIgniter->run()
11 SYSTEMPATH\Boot.php(68): CodeIgniter\Boot::runCodeIgniter(Object(CodeIgniter\CodeIgniter))
12 FCPATH\index.php(59): CodeIgniter\Boot::bootWeb(Object(Config\Paths))
CRITICAL - 2026-05-26 15:50:01 --> [Caused by] mysqli_sql_exception: Cannot delete or update a parent row: a foreign key constraint fails (`ci4_quan_ly_nhan_su`.`khen_thuong_ky_luat`, CONSTRAINT `fk_ktkl_nhan_vien` FOREIGN KEY (`nhan_vien_id`) REFERENCES `nhan_vien` (`nhan_vien_id`))
in SYSTEMPATH\Database\MySQLi\Connection.php on line 300.
 1 SYSTEMPATH\Database\MySQLi\Connection.php(300): mysqli->query('DELETE FROM `nhan_vien`
WHERE `nhan_vien_id` IN (\'7\')', 0)
 2 SYSTEMPATH\Database\BaseConnection.php(910): CodeIgniter\Database\MySQLi\Connection->execute('DELETE FROM `nhan_vien`
WHERE `nhan_vien_id` IN (\'7\')')
 3 SYSTEMPATH\Database\BaseConnection.php(827): CodeIgniter\Database\BaseConnection->simpleQuery('DELETE FROM `nhan_vien`
WHERE `nhan_vien_id` IN (\'7\')')
 4 SYSTEMPATH\Database\BaseBuilder.php(2848): CodeIgniter\Database\BaseConnection->query('DELETE FROM `nhan_vien`
WHERE `nhan_vien_id` IN :nhan_vien_id:', [...], false)
 5 SYSTEMPATH\Model.php(441): CodeIgniter\Database\BaseBuilder->delete()
 6 SYSTEMPATH\BaseModel.php(1207): CodeIgniter\Model->doDelete([...], false)
 7 APPPATH\Controllers\NhanVienController.php(116): CodeIgniter\BaseModel->delete([...])
 8 SYSTEMPATH\CodeIgniter.php(951): App\Controllers\NhanVienController->delete('7')
 9 SYSTEMPATH\CodeIgniter.php(497): CodeIgniter\CodeIgniter->runController(Object(App\Controllers\NhanVienController))
10 SYSTEMPATH\CodeIgniter.php(340): CodeIgniter\CodeIgniter->handleRequest(null, Object(Config\Cache), false)
11 SYSTEMPATH\Boot.php(417): CodeIgniter\CodeIgniter->run()
12 SYSTEMPATH\Boot.php(68): CodeIgniter\Boot::runCodeIgniter(Object(CodeIgniter\CodeIgniter))
13 FCPATH\index.php(59): CodeIgniter\Boot::bootWeb(Object(Config\Paths))
DEBUG - 2026-05-26 15:50:04 --> Session: Class initialized using 'CodeIgniter\Session\Handlers\FileHandler' driver.
DEBUG - 2026-05-26 15:50:49 --> Session: Class initialized using 'CodeIgniter\Session\Handlers\FileHandler' driver.
DEBUG - 2026-05-26 15:50:58 --> Session: Class initialized using 'CodeIgniter\Session\Handlers\FileHandler' driver.
DEBUG - 2026-05-26 15:51:35 --> Session: Class initialized using 'CodeIgniter\Session\Handlers\FileHandler' driver.
ERROR - 2026-05-26 15:51:35 --> Cannot delete or update a parent row: a foreign key constraint fails (`ci4_quan_ly_nhan_su`.`khen_thuong_ky_luat`, CONSTRAINT `fk_ktkl_nhan_vien` FOREIGN KEY (`nhan_vien_id`) REFERENCES `nhan_vien` (`nhan_vien_id`))
in SYSTEMPATH\Database\MySQLi\Connection.php on line 300.
 1 SYSTEMPATH\Database\MySQLi\Connection.php(300): mysqli->query('DELETE FROM `nhan_vien`
WHERE `nhan_vien_id` IN (\'7\')', 0)
 2 SYSTEMPATH\Database\BaseConnection.php(910): CodeIgniter\Database\MySQLi\Connection->execute('DELETE FROM `nhan_vien`
WHERE `nhan_vien_id` IN (\'7\')')
 3 SYSTEMPATH\Database\BaseConnection.php(827): CodeIgniter\Database\BaseConnection->simpleQuery('DELETE FROM `nhan_vien`
WHERE `nhan_vien_id` IN (\'7\')')
 4 SYSTEMPATH\Database\BaseBuilder.php(2848): CodeIgniter\Database\BaseConnection->query('DELETE FROM `nhan_vien`
WHERE `nhan_vien_id` IN :nhan_vien_id:', [...], false)
 5 SYSTEMPATH\Model.php(441): CodeIgniter\Database\BaseBuilder->delete()
 6 SYSTEMPATH\BaseModel.php(1207): CodeIgniter\Model->doDelete([...], false)
 7 APPPATH\Controllers\NhanVienController.php(116): CodeIgniter\BaseModel->delete([...])
 8 SYSTEMPATH\CodeIgniter.php(951): App\Controllers\NhanVienController->delete('7')
 9 SYSTEMPATH\CodeIgniter.php(497): CodeIgniter\CodeIgniter->runController(Object(App\Controllers\NhanVienController))
10 SYSTEMPATH\CodeIgniter.php(340): CodeIgniter\CodeIgniter->handleRequest(null, Object(Config\Cache), false)
11 SYSTEMPATH\Boot.php(417): CodeIgniter\CodeIgniter->run()
12 SYSTEMPATH\Boot.php(68): CodeIgniter\Boot::runCodeIgniter(Object(CodeIgniter\CodeIgniter))
13 FCPATH\index.php(59): CodeIgniter\Boot::bootWeb(Object(Config\Paths))
CRITICAL - 2026-05-26 15:51:35 --> CodeIgniter\Database\Exceptions\DatabaseException: Cannot delete or update a parent row: a foreign key constraint fails (`ci4_quan_ly_nhan_su`.`khen_thuong_ky_luat`, CONSTRAINT `fk_ktkl_nhan_vien` FOREIGN KEY (`nhan_vien_id`) REFERENCES `nhan_vien` (`nhan_vien_id`))
[Method: GET, Route: nhan_vien/delete/7]
in SYSTEMPATH\Database\BaseConnection.php on line 865.
 1 SYSTEMPATH\Database\BaseBuilder.php(2848): CodeIgniter\Database\BaseConnection->query('DELETE FROM `nhan_vien`
WHERE `nhan_vien_id` IN :nhan_vien_id:', [...], false)
 2 SYSTEMPATH\Model.php(441): CodeIgniter\Database\BaseBuilder->delete()
 3 SYSTEMPATH\BaseModel.php(1207): CodeIgniter\Model->doDelete([...], false)
 4 APPPATH\Controllers\NhanVienController.php(116): CodeIgniter\BaseModel->delete([...])
 5 SYSTEMPATH\CodeIgniter.php(951): App\Controllers\NhanVienController->delete('7')
 6 SYSTEMPATH\CodeIgniter.php(497): CodeIgniter\CodeIgniter->runController(Object(App\Controllers\NhanVienController))
 7 SYSTEMPATH\CodeIgniter.php(340): CodeIgniter\CodeIgniter->handleRequest(null, Object(Config\Cache), false)
 8 SYSTEMPATH\Boot.php(417): CodeIgniter\CodeIgniter->run()
 9 SYSTEMPATH\Boot.php(68): CodeIgniter\Boot::runCodeIgniter(Object(CodeIgniter\CodeIgniter))
10 FCPATH\index.php(59): CodeIgniter\Boot::bootWeb(Object(Config\Paths))
CRITICAL - 2026-05-26 15:51:35 --> [Caused by] CodeIgniter\Database\Exceptions\DatabaseException: Cannot delete or update a parent row: a foreign key constraint fails (`ci4_quan_ly_nhan_su`.`khen_thuong_ky_luat`, CONSTRAINT `fk_ktkl_nhan_vien` FOREIGN KEY (`nhan_vien_id`) REFERENCES `nhan_vien` (`nhan_vien_id`))
in SYSTEMPATH\Database\MySQLi\Connection.php on line 310.
 1 SYSTEMPATH\Database\BaseConnection.php(910): CodeIgniter\Database\MySQLi\Connection->execute('DELETE FROM `nhan_vien`
WHERE `nhan_vien_id` IN (\'7\')')
 2 SYSTEMPATH\Database\BaseConnection.php(827): CodeIgniter\Database\BaseConnection->simpleQuery('DELETE FROM `nhan_vien`
WHERE `nhan_vien_id` IN (\'7\')')
 3 SYSTEMPATH\Database\BaseBuilder.php(2848): CodeIgniter\Database\BaseConnection->query('DELETE FROM `nhan_vien`
WHERE `nhan_vien_id` IN :nhan_vien_id:', [...], false)
 4 SYSTEMPATH\Model.php(441): CodeIgniter\Database\BaseBuilder->delete()
 5 SYSTEMPATH\BaseModel.php(1207): CodeIgniter\Model->doDelete([...], false)
 6 APPPATH\Controllers\NhanVienController.php(116): CodeIgniter\BaseModel->delete([...])
 7 SYSTEMPATH\CodeIgniter.php(951): App\Controllers\NhanVienController->delete('7')
 8 SYSTEMPATH\CodeIgniter.php(497): CodeIgniter\CodeIgniter->runController(Object(App\Controllers\NhanVienController))
 9 SYSTEMPATH\CodeIgniter.php(340): CodeIgniter\CodeIgniter->handleRequest(null, Object(Config\Cache), false)
10 SYSTEMPATH\Boot.php(417): CodeIgniter\CodeIgniter->run()
11 SYSTEMPATH\Boot.php(68): CodeIgniter\Boot::runCodeIgniter(Object(CodeIgniter\CodeIgniter))
12 FCPATH\index.php(59): CodeIgniter\Boot::bootWeb(Object(Config\Paths))
CRITICAL - 2026-05-26 15:51:35 --> [Caused by] mysqli_sql_exception: Cannot delete or update a parent row: a foreign key constraint fails (`ci4_quan_ly_nhan_su`.`khen_thuong_ky_luat`, CONSTRAINT `fk_ktkl_nhan_vien` FOREIGN KEY (`nhan_vien_id`) REFERENCES `nhan_vien` (`nhan_vien_id`))
in SYSTEMPATH\Database\MySQLi\Connection.php on line 300.
 1 SYSTEMPATH\Database\MySQLi\Connection.php(300): mysqli->query('DELETE FROM `nhan_vien`
WHERE `nhan_vien_id` IN (\'7\')', 0)
 2 SYSTEMPATH\Database\BaseConnection.php(910): CodeIgniter\Database\MySQLi\Connection->execute('DELETE FROM `nhan_vien`
WHERE `nhan_vien_id` IN (\'7\')')
 3 SYSTEMPATH\Database\BaseConnection.php(827): CodeIgniter\Database\BaseConnection->simpleQuery('DELETE FROM `nhan_vien`
WHERE `nhan_vien_id` IN (\'7\')')
 4 SYSTEMPATH\Database\BaseBuilder.php(2848): CodeIgniter\Database\BaseConnection->query('DELETE FROM `nhan_vien`
WHERE `nhan_vien_id` IN :nhan_vien_id:', [...], false)
 5 SYSTEMPATH\Model.php(441): CodeIgniter\Database\BaseBuilder->delete()
 6 SYSTEMPATH\BaseModel.php(1207): CodeIgniter\Model->doDelete([...], false)
 7 APPPATH\Controllers\NhanVienController.php(116): CodeIgniter\BaseModel->delete([...])
 8 SYSTEMPATH\CodeIgniter.php(951): App\Controllers\NhanVienController->delete('7')
 9 SYSTEMPATH\CodeIgniter.php(497): CodeIgniter\CodeIgniter->runController(Object(App\Controllers\NhanVienController))
10 SYSTEMPATH\CodeIgniter.php(340): CodeIgniter\CodeIgniter->handleRequest(null, Object(Config\Cache), false)
11 SYSTEMPATH\Boot.php(417): CodeIgniter\CodeIgniter->run()
12 SYSTEMPATH\Boot.php(68): CodeIgniter\Boot::runCodeIgniter(Object(CodeIgniter\CodeIgniter))
13 FCPATH\index.php(59): CodeIgniter\Boot::bootWeb(Object(Config\Paths))
DEBUG - 2026-05-26 15:51:45 --> Session: Class initialized using 'CodeIgniter\Session\Handlers\FileHandler' driver.
DEBUG - 2026-05-26 15:53:03 --> Session: Class initialized using 'CodeIgniter\Session\Handlers\FileHandler' driver.
DEBUG - 2026-05-26 15:53:04 --> Session: Class initialized using 'CodeIgniter\Session\Handlers\FileHandler' driver.
DEBUG - 2026-05-26 15:53:07 --> Session: Class initialized using 'CodeIgniter\Session\Handlers\FileHandler' driver.
DEBUG - 2026-05-26 15:53:50 --> Session: Class initialized using 'CodeIgniter\Session\Handlers\FileHandler' driver.
DEBUG - 2026-05-26 15:53:52 --> Session: Class initialized using 'CodeIgniter\Session\Handlers\FileHandler' driver.
DEBUG - 2026-05-26 15:57:20 --> Session: Class initialized using 'CodeIgniter\Session\Handlers\FileHandler' driver.
DEBUG - 2026-05-26 15:57:27 --> Session: Class initialized using 'CodeIgniter\Session\Handlers\FileHandler' driver.
DEBUG - 2026-05-26 16:00:07 --> Session: Class initialized using 'CodeIgniter\Session\Handlers\FileHandler' driver.
DEBUG - 2026-05-26 16:00:09 --> Session: Class initialized using 'CodeIgniter\Session\Handlers\FileHandler' driver.
DEBUG - 2026-05-26 16:00:09 --> Session: Class initialized using 'CodeIgniter\Session\Handlers\FileHandler' driver.
